stock_id,year,total_assets_million,total_equity_million,total_liabilities_million,share_capital_million
1101,2015,293066355.0,108042985.0,0.046950000000000006,36921759.0
1101,2016,265077946.0,105176028.0,0.04513,36921759.0
1101,2017,0.1,106172209.0,0.0,36921759.0
1101,2018,344085118.0,181541510.0,0.00149,0.01485
1101,2019,367482385.0,193684068.0,0.0013700000000000001,0.01542
1101,2020,0.1,0.05239,0.00134,0.01543
1101,2021,0.1,0.04629,0.00033,0.013869999999999999
1101,2022,0.1,0.04391,0.00055,0.01512
1101,2023,0.1,0.04696,0.00087,0.016120000000000002
1101,2024,0.1,0.04181,0.00031,0.01306
1101,2025,0.1,0.039380000000000005,0.0003,0.01316
1102,2015,270077209.0,135898873.0,0.04266,33614472.0
1102,2016,238527239.0,121561630.0,0.04159,33614472.0
1102,2017,0.1,120387180.0,0.0,33614472.0
1102,2018,279187998.0,137892226.0,0.00026000000000000003,33614472.0
1102,2019,297278512.0,146067358.0,0.00033,33614472.0
1102,2020,0.1,0.04974,0.00047,0.01131
1102,2021,0.1,0.0495,0.00033,0.011179999999999999
1102,2022,0.1,0.04935,0.00043,0.01083
1102,2023,0.1,0.04818,0.00025,0.01058
1102,2024,0.1,0.05465,0.00017,0.01069
1102,2025,0.1,0.055630000000000006,0.00027,0.01094
1216,2015,398948489.0,96336246.0,0.060969999999999996,56820154.0
1216,2016,378078535.0,93913718.0,0.05993,56820154.0
1216,2017,0.1,89503527.0,0.0,56820154.0
1216,2018,407150086.0,106354513.0,0.00267,56820154.0
1216,2019,477455273.0,108416344.0,0.00276,56820154.0
1216,2020,0.1,0.023100000000000002,0.00328,0.011470000000000001
1216,2021,0.1,0.02268,0.0037400000000000003,0.01105
1216,2022,0.1,0.02252,0.00195,0.01044
1216,2023,646100882.0,0.018269999999999998,0.0022400000000000002,0.00879
1216,2024,0.1,0.019039999999999998,0.00395,0.008
1216,2025,0.1,0.01841,0.00428,0.00771
1301,2015,423501050.0,287434904.0,0.032130000000000006,63657408.0
1301,2016,421645803.0,285896006.0,0.0322,63657408.0
1301,2017,0.1,304942727.0,0.034,63657408.0
1301,2018,501513267.0,355568001.0,0.0291,63657408.0
1301,2019,497087959.0,349153320.0,0.02976,63657408.0
1301,2020,0.1,0.06938,0.03062,0.01328
1301,2021,0.1,0.07415999999999999,0.02584,0.011710000000000002
1301,2022,0.1,0.0705,0.00709,0.01218
1301,2023,0.1,0.0659,0.0003,0.01225
1301,2024,0.1,0.058159999999999996,0.0,0.01281
1301,2025,0.1,0.06515,4e-05,0.01142
1303,2015,513725976.0,324283742.0,0.03422,79308216.0
1303,2016,506171867.0,313080576.0,0.03563,79308216.0
1303,2017,0.1,319975735.0,0.038079999999999996,79308216.0
1303,2018,570249344.0,375672197.0,0.03215,79308216.0
1303,2019,554678679.0,344571884.0,0.0359,79308216.0
1303,2020,0.1,0.05894,0.039020000000000006,0.013560000000000001
1303,2021,0.1,0.06192,0.03588,0.011859999999999999
1303,2022,0.1,0.05644,0.04102,0.011640000000000001
1303,2023,0.1,0.05329,0.04425,0.01201
1303,2024,0.1,0.05613,0.041280000000000004,0.01284
1303,2025,0.1,0.05825,0.1,0.01299
1304,2015,57498146.0,17025008.0,0.046,11426024.0
1304,2016,60771887.0,17406985.0,0.04833,11426024.0
1304,2017,0.1,17589660.0,0.04861,11654544.0
1304,2018,68991038.0,18187153.0,0.047159999999999994,11887635.0
1304,2019,71425786.0,18659503.0,0.045149999999999996,11887635.0
1304,2020,0.1,0.027149999999999997,0.03699,0.01537
1304,2021,0.1,0.030019999999999998,0.0344,0.01401
1304,2022,0.1,0.03015,0.03596,0.01482
1304,2023,0.1,0.03093,0.03604,0.01568
1304,2024,0.1,0.02896,0.04046,0.016550000000000002
1304,2025,0.1,0.02768,0.1,0.018789999999999998
1305,2015,12373687.0,0.052340000000000005,0.04516,4683034.0
1305,2016,11962065.0,6846754.0,0.039979999999999995,4776695.0
1305,2017,0.1,7166456.0,0.041909999999999996,4919996.0
1305,2018,13224095.0,0.06333,0.03337,5067596.0
1305,2019,12331233.0,8250812.0,0.02935,5270299.0
1305,2020,0.1,0.06984,0.02584,0.03983
1305,2021,0.1,0.06576,0.03028,0.03423
1305,2022,0.1,0.05701,0.039490000000000004,0.03528
1305,2023,0.1,0.05336,0.04307,0.032659999999999995
1305,2024,0.1,0.048350000000000004,0.04846,0.03215
1305,2025,0.1,0.04433,0.1,0.03334
1308,2015,10092209.0,0.08616,10092209.0,0.04887
1308,2016,14236097.0,0.06366,14236097.0,0.03533
1308,2017,0.1,9451767.0,0.03619,5181147.0
1308,2018,15597743.0,9604436.0,0.03842,5543827.0
1308,2019,16923091.0,10229820.0,0.039549999999999995,5543827.0
1308,2020,0.1,0.07171999999999999,0.02828,0.03448
1308,2021,0.1,0.08147,0.01853,0.03128
1308,2022,0.1,0.0859,0.0141,0.03678
1308,2023,0.1,0.08597,0.014029999999999999,0.037509999999999995
1308,2024,0.1,0.08445,0.015550000000000001,0.04366
1308,2025,0.1,0.08744,0.1,0.05072
1326,2015,512985430.0,282830518.0,0.03507,58611863.0
1326,2016,509451225.0,293242108.0,0.03191,58611863.0
1326,2017,0.1,310156414.0,0.03499,58611863.0
1326,2018,591500932.0,369808874.0,0.02674,58611863.0
1326,2019,550549017.0,356514671.0,0.02566,58611863.0
1326,2020,0.1,0.06475,0.02564,0.01102
1326,2021,0.1,0.06534000000000001,0.0258,0.009800000000000001
1326,2022,580579206.0,0.05873,580579206.0,0.0101
1326,2023,0.1,0.05871,0.03311,0.01047
1326,2024,0.1,0.05551,0.03778,0.01194
1326,2025,0.1,0.06418,0.1,0.01088
1402,2015,518765122.0,197251565.0,0.0498,53528751.0
1402,2016,517186871.0,189883207.0,0.051590000000000004,53528751.0
1402,2017,0.1,188270069.0,0.0,53528751.0
1402,2018,565589420.0,203535137.0,0.00082,53528751.0
1402,2019,0.1,0.0355,0.03294,0.00929
1402,2020,0.1,0.03307,0.0030499999999999998,0.00868
1402,2021,0.1,0.03243,0.00076,0.00843
1402,2022,661179208.0,0.03191,0.00093,0.0081
1402,2023,0.1,0.03382,0.001,0.00853
1402,2024,0.1,0.03427,0.00101,0.00785
1402,2025,0.1,0.03419,0.00116,0.007980000000000001
1503,2015,34628912.0,21432537.0,0.03673,5209722.0
1503,2016,36242731.0,21336943.0,0.03983,5209722.0
1503,2017,0.1,21277190.0,0.0,5209722.0
1503,2018,40013351.0,23134844.0,0.00452,5209722.0
1503,2019,0.1,0.0593,0.00423,0.01278
1503,2020,42057817.0,0.05985,42057817.0,0.01239
1503,2021,0.1,0.05852,0.0067,0.011529999999999999
1503,2022,0.1,0.05713,0.00782,0.01088
1503,2023,0.1,0.06014,0.00901,0.00973
1503,2024,0.1,0.06428,0.00905,0.008919999999999999
1503,2025,0.1,0.05995,0.01577,0.00861
1504,2015,84434252.0,47464042.0,0.03909000000000001,20026929.0
1504,2016,92129161.0,49777522.0,0.03964,20026929.0
1504,2017,0.1,50688074.0,0.039310000000000005,20026929.0
1504,2018,91981286.0,53678660.0,0.00098,20026929.0
1504,2019,0.1,0.05722,0.00101,0.01986
1504,2020,0.1,0.05851,0.00141,0.01862
1504,2021,0.1,0.0653,0.00109,0.01566
1504,2022,0.1,0.061329999999999996,0.0016899999999999999,0.01746
1504,2023,0.1,0.062310000000000004,0.00156,0.01626
1504,2024,124433435.0,0.06066,124433435.0,0.01719
1504,2025,0.1,0.06338,0.00115,0.01644
1513,2015,15160918.0,7367234.0,0.0497,0.0277
1513,2016,14703118.0,7293744.0,0.04872,0.02857
1513,2017,0.1,7026992.0,0.05319,0.027030000000000002
1513,2018,16940766.0,7361728.0,0.01714,0.02479
1513,2019,0.1,0.037469999999999996,0.01549,0.02077
1513,2020,0.1,0.03605,0.009439999999999999,0.016120000000000002
1513,2021,34264946.0,0.03325,0.00789,0.013900000000000001
1513,2022,0.1,0.0298,0.0085,0.011720000000000001
1513,2023,0.1,0.033049999999999996,0.01084,0.01132
1513,2024,0.1,0.03864,0.0,0.01021
1513,2025,0.1,0.04335,0.01961,0.01055
1519,2015,7820471.0,3153221.0,0.0596,2610585.0
1519,2016,7141315.0,3264619.0,0.054229999999999993,2610585.0
1519,2017,0.1,3130822.0,0.05547,2610585.0
1519,2018,6826858.0,3067582.0,0.0,2610585.0
1519,2019,8586631.0,3378905.0,0.010960000000000001,2610585.0
1519,2020,0.1,0.04081,0.00738,0.03003
1519,2021,0.1,0.03506,0.00766,0.02631
1519,2022,0.1,0.031219999999999998,0.0109,0.02237
1519,2023,0.1,0.0339,0.01623,0.02081
1519,2024,0.1,0.039700000000000006,0.01691,0.013130000000000001
1519,2025,0.1,0.037509999999999995,0.02095,0.0112
1590,2015,21456017.0,10258596.0,0.05149,0.00834
1590,2016,22322749.0,10470876.0,0.0526,0.00802
1590,2017,0.1,10998024.0,0.05645,0.00708
1590,2018,35044491.0,17099290.0,0.00015,0.00539
1590,2019,0.1,0.0455,0.00013000000000000002,0.004730000000000001
1590,2020,0.1,0.054270000000000006,0.00023,0.00456
1590,2021,0.1,0.07371,0.00014000000000000001,0.00419
1590,2022,0.1,0.07256,0.00011999999999999999,0.00382
1590,2023,0.1,0.06912,0.0001,0.0035800000000000003
1590,2024,0.1,0.0832,0.00011,0.00347
1590,2025,0.1,0.09137999999999999,0.00014000000000000001,0.00348
1605,2015,104683291.0,61680070.0,0.03928,35760002.0
1605,2016,112107741.0,61767215.0,0.04328,35160002.0
1605,2017,0.1,62776822.0,0.0,33660002.0
1605,2018,132654110.0,77328012.0,2e-05,33260002.0
1605,2019,138066402.0,77384341.0,0.0,33260002.0
1605,2020,0.1,0.055729999999999995,0.0,0.02128
1605,2021,0.1,0.05785,0.0,0.01875
1605,2022,225257902.0,0.055740000000000005,0.0,0.01656
1605,2023,265632041.0,0.052770000000000004,265632041.0,0.015179999999999999
1605,2024,273625046.0,0.050159999999999996,273625046.0,0.01473
1605,2025,0.1,0.05465999999999999,8.999999999999999e-05,0.0146
1717,2015,49117676.0,21865027.0,0.05442,10221690.0
1717,2016,50337555.0,20869028.0,0.057409999999999996,11039425.0
1717,2017,0.1,19148142.0,52051773.0,11591397.0
1717,2018,54360279.0,21003079.0,0.060219999999999996,12402795.0
1717,2019,53796729.0,21415337.0,0.05925,12402795.0
1717,2020,0.1,0.04064,0.05864,0.02207
1717,2021,0.1,0.04004,0.05925,0.020489999999999998
1717,2022,0.1,0.03995,0.0596,0.01912
1717,2023,0.1,0.040740000000000005,0.0009,0.02072
1717,2024,0.1,0.04536,0.0009599999999999999,0.018879999999999997
1717,2025,0.1,0.046009999999999995,0.00034,0.019489999999999997
1722,2015,79902542.0,52468812.0,0.03433,0.01226
1722,2016,77041652.0,50554330.0,0.03438,0.01272
1722,2017,0.1,48616765.0,0.03665,0.01277
1722,2018,76399717.0,50782946.0,0.00022,0.01283
1722,2019,75656796.0,50725053.0,0.00014000000000000001,0.01295
1722,2020,0.1,0.06720999999999999,0.00011999999999999999,0.01284
1722,2021,0.1,0.06633,0.00017999999999999998,0.01235
1722,2022,0.1,0.06553,0.0001,0.01216
1722,2023,0.1,0.06441,5e-05,0.01174
1722,2024,0.1,0.06866,0.00013000000000000002,0.01208
1722,2025,0.1,0.06656999999999999,0.00014000000000000001,0.01202
1802,2015,96029723.0,43856441.0,0.05076,25080608.0
1802,2016,87271552.0,44984888.0,0.0448,29080608.0
1802,2017,0.1,43433864.0,0.0,29080608.0
1802,2018,85068395.0,44245480.0,0.00113,29080608.0
1802,2019,87324447.0,40164081.0,0.00093,29080608.0
1802,2020,0.1,0.04871,0.00116,0.03234
1802,2021,0.1,0.054340000000000006,0.00113,0.02924
1802,2022,0.1,0.048979999999999996,0.00128,0.02843
1802,2023,0.1,0.05142,0.00125,0.03221
1802,2024,0.1,0.053590000000000006,0.00147,0.03218
1802,2025,0.1,0.05241,0.0015,0.03202
2002,2015,678139016.0,294320819.0,0.05271,157731290.0
2002,2016,670413434.0,298501747.0,0.05153,157731290.0
2002,2017,0.1,296396982.0,0.0,157731290.0
2002,2018,674526596.0,312908037.0,0.00065,157731290.0
2002,2019,666631981.0,302558533.0,0.00093,157731290.0
2002,2020,0.1,0.04611,0.00087,0.0248
2002,2021,0.1,0.05073,0.00078,0.02293
2002,2022,0.1,0.04554,0.00066,0.022019999999999998
2002,2023,0.1,0.04498,0.00058,0.02318
2002,2024,0.1,0.04335,0.00074,0.022690000000000002
2002,2025,0.1,0.043429999999999996,0.00108,0.02341
2049,2015,32766219.0,13646037.0,0.055740000000000005,2692785.0
2049,2016,34034286.0,13689780.0,0.05736,0.00807
2049,2017,0.1,14552601.0,0.0,2801573.0
2049,2018,48892842.0,24180459.0,0.00038,0.00615
2049,2019,48331856.0,23743253.0,0.00025,3095789.0
2049,2020,0.1,0.05738,0.00020999999999999998,0.006889999999999999
2049,2021,0.1,0.059340000000000004,0.00034,0.006679999999999999
2049,2022,0.1,0.06382,0.0003,0.006549999999999999
2049,2023,0.1,0.06428,0.00025,0.00667
2049,2024,54434940.0,0.06784,54434940.0,0.0065
2049,2025,0.1,0.06893,0.0001,0.00653
2059,2015,9241463.0,0.08731,9241463.0,0.01031
2059,2016,8987597.0,7978545.0,0.01123,0.0106
2059,2017,0.1,0.08184999999999999,0.01815,0.0096
2059,2018,11206655.0,10074551.0,0.0101,0.0085
2059,2019,12713817.0,10720537.0,0.00578,0.0075
2059,2020,0.1,0.08315,0.01685,0.0071200000000000005
2059,2021,0.1,0.08167,0.01833,0.00617
2059,2022,0.1,0.08144,0.01856,0.00519
2059,2023,0.1,0.07299,0.027010000000000003,0.00467
2059,2024,0.1,0.08043,0.01957,0.0036
2059,2025,0.1,0.07987999999999999,0.1,0.00272
2105,2015,165958222.0,89161137.0,0.0458,32414155.0
2105,2016,164431451.0,86170113.0,0.047130000000000005,32414155.0
2105,2017,0.1,79360101.0,0.0,32414155.0
2105,2018,174762768.0,79193782.0,0.00043,32414155.0
2105,2019,164040229.0,77395683.0,0.00057,32414155.0
2105,2020,0.1,0.05316,0.00076,0.02142
2105,2021,0.1,0.054049999999999994,0.0007,0.02165
2105,2022,0.1,0.05652,0.00047999999999999996,0.02199
2105,2023,0.1,0.0573,0.00051,0.02282
2105,2024,0.1,0.061399999999999996,0.0005,0.02216
2105,2025,0.1,0.060880000000000004,0.00054,0.022690000000000002
2106,2015,40824560.0,21686355.0,0.046880000000000005,0.021
2106,2016,40384117.0,20643059.0,0.04888,0.02165
2106,2017,0.1,19044626.0,0.0,0.0216
2106,2018,40149478.0,19016079.0,0.010119999999999999,0.02178
2106,2019,42019785.0,18782750.0,0.0005200000000000001,0.02081
2106,2020,0.1,0.045079999999999995,0.00065,0.02145
2106,2021,0.1,0.04044,0.00064,0.019629999999999998
2106,2022,0.1,0.040600000000000004,0.0005200000000000001,0.0182
2106,2023,0.1,0.04139,0.00053,0.02095
2106,2024,0.1,0.04469,0.00058,0.020239999999999998
2106,2025,0.1,0.04299,0.0005,0.020989999999999998
2204,2015,62682031.0,49515345.0,0.0008100000000000001,13840508.0
2204,2016,61704229.0,49867625.0,0.01394,13840508.0
2204,2017,0.1,49210908.0,0.01839,13840508.0
2204,2018,64504416.0,52160275.0,0.00046,13840508.0
2204,2019,51466468.0,38742061.0,0.00067,5536203.0
2204,2020,0.1,0.07715000000000001,0.00073,0.01014
2204,2021,0.1,0.07795999999999999,0.00109,0.01011
2204,2022,0.1,0.06805,0.02476,0.01063
2204,2023,0.1,0.06846,0.024,0.01175
2204,2024,0.1,0.0692,0.0016799999999999999,0.010320000000000001
2204,2025,0.1,0.07011,0.00145,0.01024
2207,2015,165192528.0,0.023829999999999997,165192528.0,0.00331
2207,2016,169313411.0,40696072.0,0.06035,5461792.0
2207,2017,195255494.0,0.02143,0.0,5461792.0
2207,2018,229385705.0,49335726.0,0.00901,5461792.0
2207,2019,255534055.0,58586436.0,0.00047,5461792.0
2207,2020,290251960.0,0.02256,290251960.0,0.00188
2207,2021,0.1,0.0211,0.00039,0.00156
2207,2022,0.1,0.01314,0.00037,0.00141
2207,2023,0.1,0.01225,0.00031,0.00125
2207,2024,0.1,0.01533,0.00027,0.00109
2207,2025,519341014.0,0.016730000000000002,519341014.0,0.00107
2301,2015,209653863.0,75988511.0,0.06199,23349283.0
2301,2016,213018463.0,73967150.0,0.06365,23508670.0
2301,2017,0.1,70865084.0,0.06289,23508670.0
2301,2018,197136069.0,71323756.0,0.062119999999999995,23508670.0
2301,2019,186632503.0,72459775.0,0.06001,23508670.0
2301,2020,0.1,0.0418,1e-05,0.013349999999999999
2301,2021,0.1,0.039409999999999994,0.0,0.01281
2301,2022,0.1,0.038880000000000005,0.0,0.01159
2301,2023,0.1,0.04335,2e-05,0.01267
2301,2024,0.1,0.04435,0.00015,0.011470000000000001
2301,2025,0.1,0.04367,0.00020999999999999998,0.01126
2303,2015,337366810.0,226790338.0,0.03218,127581329.0
2303,2016,374959291.0,217390674.0,0.04159,126243187.0
2303,2017,0.1,212264699.0,0.04474,126243187.0
2303,2018,364604906.0,206069723.0,0.00026000000000000003,124243187.0
2303,2019,370187365.0,206804357.0,0.00027,117575798.0
2303,2020,0.1,0.06242,0.00054,0.032909999999999995
2303,2021,0.1,0.0605,0.00074,0.026879999999999998
2303,2022,0.1,0.06061,0.00083,0.024030000000000003
2303,2023,0.1,0.05903,0.00054,0.022600000000000002
2303,2024,0.1,0.06628,0.00039,0.02203
2303,2025,0.1,0.06559000000000001,0.00045,0.02174
2308,2015,226275936.0,124370187.0,0.04275,25975433.0
2308,2016,231846699.0,118157093.0,0.0466,25975433.0
2308,2017,0.1,114947560.0,0.0,25975433.0
2308,2018,261935424.0,130271159.0,0.00101,25975433.0
2308,2019,311037290.0,140156877.0,0.00108,25975433.0
2308,2020,0.1,0.04337,0.00149,0.007719999999999999
2308,2021,0.1,0.04239,0.00149,0.00711
2308,2022,0.1,0.04249,0.00157,0.006059999999999999
2308,2023,0.1,0.040119999999999996,0.00173,0.00588
2308,2024,0.1,0.04326,0.0020299999999999997,0.00488
2308,2025,0.1,0.041909999999999996,0.0016699999999999998,0.004059999999999999
2313,2015,51512742.0,20779562.0,0.05966,11918206.0
2313,2016,49910189.0,19492023.0,0.060950000000000004,11918206.0
2313,2017,0.1,20030749.0,0.05964,11918206.0
2313,2018,57667931.0,23492292.0,0.05926,11918206.0
2313,2019,0.1,0.04205,0.05795,0.01946
2313,2020,0.1,0.0439,0.056100000000000004,0.01795
2313,2021,0.1,0.04496,0.05504,0.016550000000000002
2313,2022,0.1,0.04549,0.054509999999999996,0.01474
2313,2023,0.1,0.04996,0.05004,0.01656
2313,2024,0.1,0.05216,0.04784,0.013980000000000001
2313,2025,0.1,0.05289,0.1,0.01317
2317,2015,2308299877.0,1007629838.0,0.054060000000000004,156382881.0
2317,2016,2379048820.0,992507259.0,0.05614,173287383.0
2317,2017,0.1,1060188731.0,0.053899999999999997,173287383.0
2317,2018,3381355427.0,1211878469.0,0.060590000000000005,138629906.0
2317,2019,0.1,0.037340000000000005,0.05785,0.00417
2317,2020,0.1,0.03531,0.05988,0.00377
2317,2021,0.1,0.03532,0.05975,0.0035499999999999998
2317,2022,0.1,0.03301,0.06243,0.00316
2317,2023,0.1,0.03701,0.057890000000000004,0.00368
2317,2024,0.1,0.03744,0.05787,0.00316
2317,2025,0.1,0.03473,0.1,0.0027400000000000002
2324,2015,327925575.0,103775795.0,0.06658,44711266.0
2324,2016,334573387.0,101565890.0,0.06777,44245106.0
2324,2017,0.1,99006011.0,0.06748,44219306.0
2324,2018,399794823.0,105723646.0,0.0,44071466.0
2324,2019,382648419.0,105972633.0,0.00025,44071466.0
2324,2020,0.1,0.022879999999999998,0.00017999999999999998,0.009439999999999999
2324,2021,0.1,0.020730000000000002,0.0002,0.00821
2324,2022,0.1,0.02166,0.00017999999999999998,0.00811
2324,2023,0.1,0.02509,0.00014000000000000001,0.00957
2324,2024,0.1,0.03073,0.0007,0.00951
2324,2025,0.1,0.03003,0.00107,0.010039999999999999
2327,2015,47547893.0,25187740.0,0.04679,6515947.0
2327,2016,49664327.0,0.04672,49664327.0,0.0104
2327,2017,0.1,0.04132,60732774.0,0.008289999999999999
2327,2018,122756622.0,0.04834,122756622.0,0.00348
2327,2019,96382137.0,46246731.0,0.00116,4302571.0
2327,2020,183030890.0,0.037950000000000005,183030890.0,0.00272
2327,2021,242902683.0,0.03269,242902683.0,0.00204
2327,2022,0.1,0.04313,0.056799999999999996,0.00152
2327,2023,298966158.0,0.042409999999999996,298966158.0,0.00141
2327,2024,0.1,0.04376,0.055670000000000004,0.00141
2327,2025,0.1,0.04373,0.1,0.00133
2330,2015,1657518298.0,1221671719.0,0.02624,259303805.0
2330,2016,1718686763.0,1283113034.0,0.0253,259303805.0
2330,2017,0.1,1341685497.0,0.0,259303805.0
2330,2018,2090128038.0,1676817665.0,1e-05,259303805.0
2330,2019,2264805032.0,1621410124.0,0.02838,259303805.0
2330,2020,0.1,0.067,0.03297,0.00939
2330,2021,0.1,0.0582,0.041729999999999996,0.00696
2330,2022,0.1,0.05897,0.040729999999999995,0.00558
2330,2023,0.1,0.06192,0.03775,0.00504
2330,2024,0.1,0.06409000000000001,0.03539,0.0038799999999999998
2330,2025,0.1,0.06831999999999999,0.1,0.00327
2344,2015,62597767.0,38901971.0,0.03594,35800002.0
2344,2016,0.1,42577236.0,0.032799999999999996,35800002.0
2344,2017,0.1,44943703.0,0.037219999999999996,35800002.0
2344,2018,96042464.0,62444371.0,0.033479999999999996,39800002.0
2344,2019,104804900.0,61020622.0,0.0016,39800002.0
2344,2020,0.1,0.05193,0.0002,0.03158
2344,2021,0.1,0.05398,0.041049999999999996,0.02606
2344,2022,0.1,0.05097,0.044539999999999996,0.022260000000000002
2344,2023,0.1,0.049049999999999996,0.04682,0.022010000000000002
2344,2024,0.1,0.05155,0.044219999999999995,0.02531
2344,2025,0.1,0.056159999999999995,0.1,0.02341
2345,2015,14987537.0,8171824.0,0.04543,5369759.0
2345,2016,15143487.0,8286291.0,0.04524,5437079.0
2345,2017,0.1,8245676.0,0.05366,5470089.0
2345,2018,22378327.0,10271902.0,0.00171,5575899.0
2345,2019,29521087.0,12800387.0,0.0020099999999999996,5580514.0
2345,2020,0.1,0.04653,0.0030800000000000003,0.01798
2345,2021,0.1,0.04441,0.0024,0.01599
2345,2022,0.1,0.04296,0.0020299999999999997,0.01325
2345,2023,0.1,0.04253,0.002,0.011619999999999998
2345,2024,86466500.0,0.04201,0.00783,0.00649
2345,2025,0.1,0.040170000000000004,0.0045899999999999995,0.00392
2347,2015,134787518.0,42818302.0,0.06745,15885209.0
2347,2016,123999840.0,41188771.0,0.0658,16679470.0
2347,2017,0.1,41495473.0,0.06653,16679470.0
2347,2018,147518369.0,47570546.0,0.06654,16679470.0
2347,2019,147689360.0,49814287.0,0.06483,16679470.0
2347,2020,0.1,0.03418,0.0644,0.01045
2347,2021,0.1,0.03154,0.06733,0.00827
2347,2022,218920950.0,0.03144,218920950.0,0.00762
2347,2023,0.1,0.031239999999999997,0.06744,0.008119999999999999
2347,2024,0.1,0.03427,0.06443,0.00741
2347,2025,0.1,0.03688,0.1,0.00767
2356,2015,175746473.0,56480704.0,0.06420999999999999,35874751.0
2356,2016,173214294.0,53309601.0,0.06583,35874751.0
2356,2017,0.1,51627833.0,0.0,35874751.0
2356,2018,205803922.0,55364481.0,0.00326,35874751.0
2356,2019,193092853.0,55271148.0,0.0033399999999999997,35874751.0
2356,2020,0.1,0.02708,0.00366,0.01675
2356,2021,0.1,0.02305,0.0030499999999999998,0.01449
2356,2022,0.1,0.02194,0.00297,0.01334
2356,2023,0.1,0.02456,0.00594,0.01543
2356,2024,0.1,0.02123,0.00524,0.01068
2356,2025,0.1,0.022969999999999997,0.00575,0.01082
2357,2015,333604873.0,167351939.0,0.049210000000000004,7427603.0
2357,2016,337955204.0,176970344.0,0.04697,7427603.0
2357,2017,0.1,173835357.0,0.0,7427603.0
2357,2018,342165876.0,161365001.0,2e-05,7427603.0
2357,2019,352004111.0,176860040.0,0.00028000000000000003,7427603.0
2357,2020,0.1,0.05088,0.00028000000000000003,0.0018700000000000001
2357,2021,0.1,0.046079999999999996,0.00061,0.00147
2357,2022,0.1,0.04329,0.00068,0.00149
2357,2023,0.1,0.04617,0.0005200000000000001,0.00156
2357,2024,0.1,0.04843,0.00041999999999999996,0.00133
2357,2025,0.1,0.04248,0.00087,0.0011799999999999998
2360,2015,16060439.0,9410104.0,0.04065,3791699.0
2360,2016,18016658.0,10075654.0,0.04311,3908245.0
2360,2017,0.1,11161992.0,0.0,4083528.0
2360,2018,23202464.0,14410020.0,0.00383,4167794.0
2360,2019,25437072.0,14488761.0,0.00278,4206685.0
2360,2020,0.1,0.05711,0.011789999999999998,0.01498
2360,2021,0.1,0.06266,0.0025299999999999997,0.01428
2360,2022,34364257.0,20618403.0,0.00454,0.01238
2360,2023,0.1,0.05973,0.00434,0.01275
2360,2024,0.1,0.06668,0.00209,0.0114
2360,2025,0.1,0.06765,0.0024,0.00902
2368,2015,22187354.0,7203147.0,0.06753,5649129.0
2368,2016,21563988.0,7023625.0,0.06743,5522469.0
2368,2017,0.1,0.0334,0.06659999999999999,5522469.0
2368,2018,21195548.0,7052483.0,0.06673,5464879.0
2368,2019,20908384.0,0.03427,0.06573000000000001,5464879.0
2368,2020,0.1,0.0428,0.01469,0.02524
2368,2021,0.1,0.04564,0.05436,0.02188
2368,2022,0.1,0.04389,0.05611,0.01607
2368,2023,0.1,0.05003,0.04997,0.01796
2368,2024,0.1,0.047799999999999995,0.00425,0.01103
2368,2025,0.1,0.0442,0.1,0.00674
2376,2015,33240633.0,22538968.0,0.03215,6290629.0
2376,2016,35139219.0,22446112.0,0.03607,6290679.0
2376,2017,0.1,21888417.0,0.0,6297199.0
2376,2018,35734595.0,24083475.0,0.00094,6356889.0
2376,2019,0.1,0.06443,0.00066,0.01686
2376,2020,0.1,0.055420000000000004,0.00807,0.01286
2376,2021,0.1,0.054189999999999995,0.00173,0.00919
2376,2022,0.1,0.06207,0.0023599999999999997,0.0114
2376,2023,0.1,0.054299999999999994,0.0074800000000000005,0.01018
2376,2024,0.1,0.048240000000000005,0.004070000000000001,0.006019999999999999
2376,2025,0.1,0.03785,0.0025299999999999997,0.00429
2377,2015,46530869.0,25742017.0,0.04468,8448562.0
2377,2016,49235760.0,25932778.0,0.04733,8448562.0
2377,2017,0.1,24862528.0,0.04554,8448562.0
2377,2018,55174173.0,29945861.0,0.04572,8448562.0
2377,2019,60348708.0,31012465.0,0.04861,8448562.0
2377,2020,0.1,0.045329999999999995,0.05467,0.01078
2377,2021,101459590.0,0.0464,101459590.0,0.00833
2377,2022,79009333.0,0.06067,79009333.0,0.01069
2377,2023,0.1,0.050159999999999996,0.00064,0.00901
2377,2024,0.1,0.05472,0.00020999999999999998,0.00874
2377,2025,0.1,0.04514,0.0010400000000000001,0.00698
2379,2015,46947448.0,22280256.0,0.052520000000000004,5049513.0
2379,2016,52361231.0,21511017.0,0.0589,5049513.0
2379,2017,0.1,20286986.0,0.0,5049513.0
2379,2018,58252314.0,24637292.0,0.00026000000000000003,5080955.0
2379,2019,73431830.0,27218985.0,0.00014000000000000001,5080955.0
2379,2020,0.1,0.03772,0.00043,0.00654
2379,2021,0.1,0.03847,0.00020999999999999998,0.00504
2379,2022,0.1,0.03468,0.00013000000000000002,0.00381
2379,2023,0.1,0.03368,0.00027,0.00456
2379,2024,0.1,0.046490000000000004,0.00035999999999999997,0.0045
2379,2025,0.1,0.04019,0.00053,0.0039700000000000004
2382,2015,531574219.0,132742309.0,0.07365000000000001,38626274.0
2382,2016,577768699.0,128082235.0,0.07665999999999999,38626274.0
2382,2017,0.1,125772115.0,0.0,38626274.0
2382,2018,659467182.0,134896686.0,0.00111,38626274.0
2382,2019,614626933.0,135641811.0,0.004059999999999999,38626274.0
2382,2020,0.1,0.02175,0.008119999999999999,0.0058200000000000005
2382,2021,0.1,0.02246,0.00775,0.00538
2382,2022,0.1,0.0201,0.01196,0.00474
2382,2023,0.1,0.02472,0.012039999999999999,0.00578
2382,2024,0.1,0.02384,0.009609999999999999,0.00414
2382,2025,0.1,0.01814,0.007980000000000001,0.0028799999999999997
2383,2015,17707829.0,9680618.0,8.999999999999999e-05,3175051.0
2383,2016,18289399.0,9856709.0,0.046049999999999994,3188811.0
2383,2017,0.1,10342389.0,0.05097,3190661.0
2383,2018,21962463.0,11900197.0,0.04575,3196524.0
2383,2019,25704331.0,13519931.0,0.04734,0.01244
2383,2020,0.1,0.060090000000000005,0.039850000000000003,0.011949999999999999
2383,2021,0.1,0.054020000000000006,0.04592,0.0091
2383,2022,0.1,0.05025,0.04975,0.00799
2383,2023,0.1,0.04231,0.05769,0.00694
2383,2024,0.1,0.04615,0.0,0.00456
2383,2025,0.1,0.046759999999999996,0.1,0.00332
2395,2015,33979133.0,23307501.0,0.03098,6318531.0
2395,2016,34756133.0,0.06854,34756133.0,0.0182
2395,2017,0.1,24355942.0,0.03946,6966115.0
2395,2018,43937072.0,0.06669,43937072.0,6986955.0
2395,2019,47216079.0,0.06827,0.03068,0.01482
2395,2020,0.1,0.06855,0.00186,0.015380000000000001
2395,2021,0.1,0.06545999999999999,0.00164,0.01339
2395,2022,0.1,0.06564,0.00186,0.0124
2395,2023,0.1,0.06078,0.00117,0.01219
2395,2024,0.1,0.07169,0.0020299999999999997,0.012039999999999999
2395,2025,0.1,0.07257,0.00176,0.011439999999999999
2404,2015,14703007.0,0.04219,0.05768,2382334.0
2404,2016,15125419.0,6195601.0,0.05883,2382334.0
2404,2017,0.1,5741781.0,0.0,2382334.0
2404,2018,20810603.0,7254336.0,0.00404,1905867.0
2404,2019,23085336.0,8567466.0,0.02822,1905867.0
2404,2020,0.1,0.03699,0.00216,0.00705
2404,2021,0.1,0.04045,0.03028,0.00802
2404,2022,0.1,0.03449,0.03265,0.00694
2404,2023,0.1,0.02291,0.04179,0.00434
2404,2024,0.1,0.03158,0.043340000000000004,0.00409
2404,2025,0.1,0.023629999999999998,0.057640000000000004,0.00242
2408,2015,104006037.0,54737689.0,0.00357,24285658.0
2408,2016,117144373.0,62017482.0,0.00622,27485658.0
2408,2017,0.1,97420237.0,0.04151,27485658.0
2408,2018,182585813.0,164907298.0,0.00968,31038877.0
2408,2019,165100652.0,152011553.0,0.00793,30737124.0
2408,2020,0.1,0.09286,0.00714,0.018699999999999998
2408,2021,0.1,0.09037,0.009630000000000001,0.01618
2408,2022,0.1,0.09,0.01,0.015179999999999999
2408,2023,0.1,0.08832,0.01168,0.01585
2408,2024,0.1,0.07984999999999999,0.020149999999999998,0.01499
2408,2025,0.1,0.08175,0.1,0.01486
2409,2015,425554245.0,181985222.0,0.05191,96242451.0
2409,2016,419649764.0,173100298.0,0.05417,96242451.0
2409,2017,0.1,194407368.0,0.05214,96242451.0
2409,2018,409831775.0,202862715.0,0.046979999999999994,96242451.0
2409,2019,397637591.0,176671840.0,0.05273,96242451.0
2409,2020,0.1,0.04489,0.0,0.023629999999999998
2409,2021,0.1,0.054560000000000004,0.00206,0.02266
2409,2022,0.1,0.05075,0.00177,0.01988
2409,2023,0.1,0.04094,0.00189,0.019379999999999998
2409,2024,0.1,0.039020000000000006,0.00145,0.01952
2409,2025,0.1,0.03979,0.00064,0.019760000000000003
2412,2015,453021092.0,368739928.0,0.01744,77574465.0
2412,2016,430902810.0,358060798.0,0.015460000000000002,77574465.0
2412,2017,0.1,346311640.0,0.0,77574465.0
2412,2018,467268704.0,376562372.0,0.0,77574465.0
2412,2019,477458238.0,376110243.0,0.0035299999999999997,77574465.0
2412,2020,0.1,0.07463,0.00265,0.01532
2412,2021,0.1,0.07393000000000001,0.0023799999999999997,0.01512
2412,2022,0.1,0.07385,0.0027,0.0154
2412,2023,0.1,0.06842000000000001,0.00239,0.01455
2412,2024,0.1,0.07202,0.0030499999999999998,0.01451
2412,2025,0.1,0.07208,0.0039700000000000004,0.01448
2449,2015,40432136.0,22352273.0,0.044700000000000004,11622944.0
2449,2016,44213343.0,23146585.0,0.047630000000000006,11674833.0
2449,2017,0.1,22808612.0,0.045340000000000005,11737099.0
2449,2018,47155759.0,24477111.0,0.00017999999999999998,12227451.0
2449,2019,55079149.0,26191939.0,0.00011999999999999999,12227451.0
2449,2020,0.1,0.04782,0.00037,0.019940000000000003
2449,2021,0.1,0.04733,0.00022,0.01693
2449,2022,0.1,0.04572,0.00020999999999999998,0.01625
2449,2023,0.1,0.04901,4e-05,0.01706
2449,2024,0.1,0.04993,0.0,0.0141
2449,2025,0.1,0.04984,0.1,0.01209
2454,2015,351249656.0,240427726.0,0.02965,15715837.0
2454,2016,368193559.0,228317898.0,0.0375,15821122.0
2454,2017,0.1,247323848.0,0.0378,15816034.0
2454,2018,402836044.0,272946221.0,0.00037,15915070.0
2454,2019,458701794.0,312750344.0,0.0005899999999999999,15900253.0
2454,2020,0.1,0.06964000000000001,0.00219,0.00298
2454,2021,0.1,0.06537000000000001,0.0009599999999999999,0.00242
2454,2022,0.1,0.06648,0.00051,0.0025
2454,2023,0.1,0.05507,0.00086,0.00242
2454,2024,0.1,0.05683,0.00062,0.0023
2454,2025,0.1,0.05386,0.00098,0.00216
2603,2015,192652207.0,58001047.0,0.06818,35123560.0
2603,2016,185836330.0,51438678.0,0.07171,35123560.0
2603,2017,0.1,52859211.0,0.0,35123560.0
2603,2018,229011955.0,66844230.0,0.0007700000000000001,45129738.0
2603,2019,306595638.0,70045779.0,0.0007199999999999999,48129738.0
2603,2020,0.1,0.028210000000000002,0.0011,0.01466
2603,2021,0.1,0.05348,0.00221,0.00866
2603,2022,0.1,0.061189999999999994,0.00177,0.0024
2603,2023,0.1,0.047299999999999995,0.00069,0.00239
2603,2024,0.1,0.06348,0.00128,0.00237
2603,2025,0.1,0.06304,0.00088,0.00242
2609,2015,154976101.0,31038710.0,0.05274,30044401.0
2609,2016,138788197.0,17307472.0,0.054509999999999996,30044401.0
2609,2017,0.1,15857781.0,0.0,15652713.0
2609,2018,139973099.0,19828008.0,8.999999999999999e-05,23230248.0
2609,2019,191001839.0,16463534.0,5.9999999999999995e-05,26013357.0
2609,2020,0.1,0.0183,7.000000000000001e-05,0.01625
2609,2021,0.1,0.06079,0.00023999999999999998,0.00908
2609,2022,0.1,0.06573000000000001,0.00011,0.0069299999999999995
2609,2023,0.1,0.05778,0.0001,0.00728
2609,2024,0.1,0.07034,8.999999999999999e-05,0.00721
2609,2025,0.1,0.07174,2.9999999999999997e-05,0.007690000000000001
2610,2015,221926309.0,58269896.0,0.07271,54708901.0
2610,2016,216571480.0,57485667.0,0.07241,54708901.0
2610,2017,0.1,53596925.0,0.07544,54708901.0
2610,2018,230136582.0,57081572.0,0.0,54209846.0
2610,2019,293047979.0,56553772.0,0.00719,54209846.0
2610,2020,0.1,0.02025,0.00126,0.01907
2610,2021,0.1,0.02512,0.0035299999999999997,0.02016
2610,2022,0.1,0.02459,0.003,0.02121
2610,2023,0.1,0.024239999999999998,0.00876,0.02026
2610,2024,0.1,0.026269999999999998,0.00906,0.01856
2610,2025,0.1,0.0275,0.00882,0.01715
2615,2015,80221185.0,35733130.0,0.055229999999999994,22182975.0
2615,2016,75068685.0,32878688.0,0.05596,22182975.0
2615,2017,0.1,32715443.0,0.056240000000000005,22182975.0
2615,2018,77037350.0,34584452.0,0.054799999999999995,22182975.0
2615,2019,87604252.0,36104182.0,0.05851,22182975.0
2615,2020,0.1,0.04043,0.05932,0.02043
2615,2021,0.1,0.055990000000000005,0.04389,0.009470000000000001
2615,2022,0.1,0.06168,0.03823,0.0074
2615,2023,0.1,0.061649999999999996,0.03824,0.00826
2615,2024,0.1,0.0635,0.0364,0.0068200000000000005
2615,2025,0.1,0.06727,0.1,0.006860000000000001
2618,2015,195406312.0,48858814.0,0.07199,38589450.0
2618,2016,201442778.0,54709273.0,0.06983,40518923.0
2618,2017,0.1,53244262.0,0.0,41734490.0
2618,2018,241193903.0,63582269.0,5.9999999999999995e-05,44051857.0
2618,2019,356251694.0,71252182.0,0.0056,48535695.0
2618,2020,0.1,0.02148,0.00141,0.01473
2618,2021,0.1,0.02633,0.00157,0.01594
2618,2022,0.1,0.02641,0.00442,0.016800000000000002
2618,2023,0.1,0.0294,0.00977,0.01668
2618,2024,0.1,0.03483,0.00824,0.015269999999999999
2618,2025,0.1,0.03791,0.00833,0.0148
2633,2015,506604216.0,,64594473.0,56052930.0
2633,2016,463746536.0,,0.00252,56052930.0
2633,2017,0.1,,0.08675,56282930.0
2633,2018,433057069.0,,0.08397,56282930.0
2633,2019,443059602.0,,0.08395999999999999,56282930.0
2633,2020,0.1,,0.08361,0.01316
2633,2021,0.1,,0.08416,0.01315
2633,2022,0.1,,0.08347,0.01417
2633,2023,0.1,,0.08299,0.01423
2633,2024,0.1,,0.08122,0.01466
2633,2025,0.1,,0.1,0.01478
2801,2015,1906257219.0,129474959.0,0.09320999999999999,84573232.0
2801,2016,1940485737.0,133130477.0,0.093,89647626.0
2801,2017,1983808905.0,,0.09297,94130007.0
2801,2018,2081811670.0,156561631.0,0.09248,97895207.0
2801,2019,2135643203.0,162237195.0,0.09240000000000001,99853111.0
2801,2020,0.1,0.00713,0.09287000000000001,0.00449
2801,2021,0.1,0.006719999999999999,0.09328,0.00411
2801,2022,0.1,0.00608,0.09392,0.00387
2801,2023,0.1,0.00649,0.1,0.00401
2801,2024,0.1,0.00635,0.1,0.0035299999999999997
2801,2025,0.1,0.00652,0.1,0.00348
2834,2015,1475891595.0,67659129.0,0.09542,56846618.0
2834,2016,1479248578.0,71444769.0,0.09517,59688949.0
2834,2017,1521394162.0,73930672.0,0.09514,61479617.0
2834,2018,1619040455.0,84853019.0,0.09476000000000001,63938802.0
2834,2019,1746152814.0,95516766.0,0.09453,71319842.0
2834,2020,0.1,0.00551,0.09448999999999999,0.00418
2834,2021,0.1,0.005030000000000001,0.09497,0.00383
2834,2022,0.1,0.0049299999999999995,0.09506999999999999,0.00398
2834,2023,0.1,0.00539,0.1,0.00393
2834,2024,0.1,0.00553,0.1,0.0038599999999999997
2834,2025,0.1,0.005860000000000001,0.1,0.00387
2880,2015,2350288574.0,,0.09348999999999999,99063042.0
2880,2016,2529500140.0,,0.09379000000000001,105204951.0
2880,2017,2537094076.0,,0.09375,105204951.0
2880,2018,2684206863.0,,0.09351000000000001,115436133.0
2880,2019,0.1,,0.09309,0.0044599999999999996
2880,2020,0.1,,0.09389,0.00415
2880,2021,0.1,,0.0942,0.00381
2880,2022,0.1,,0.09509000000000001,0.00377
2880,2023,3729392935.0,,3729392935.0,0.00366
2880,2024,0.1,,0.1,0.00325
2880,2025,4322806252.0,,4322806252.0,0.00322
2881,2015,5987467814.0,,0.09372,102336040.0
2881,2016,6219483145.0,,0.09239,102336040.0
2881,2017,6584584843.0,,0.0932,102336040.0
2881,2018,7715059808.0,,0.09392,102336040.0
2881,2019,0.1,,0.09275,0.0012
2881,2020,0.1,,0.0916,0.00111
2881,2021,0.1,,0.09063,0.0011200000000000001
2881,2022,0.1,,0.09465000000000001,0.00116
2881,2023,0.1,,0.1,0.00113
2881,2024,0.1,,0.1,0.00113
2881,2025,12875478154.0,,12875478154.0,0.00109
2882,2015,7568975033.0,,1e-05,125632102.0
2882,2016,7940728399.0,,8759254.0,125632102.0
2882,2017,8463547563.0,,7901126982.0,125632102.0
2882,2018,9224483506.0,,0.09426000000000001,125632102.0
2882,2019,0.1,,0.09223,0.00131
2882,2020,0.1,,0.09173999999999999,0.0012
2882,2021,0.1,,0.09212000000000001,0.00114
2882,2022,0.1,,0.09742,0.00111
2882,2023,12709227302.0,,12709227302.0,0.00115
2882,2024,0.1,,0.1,0.00107
2882,2025,14248745559.0,,14248745559.0,0.00103
2883,2015,866719175.0,,0.08053,151124071.0
2883,2016,912030833.0,,0.08192,149740122.0
2883,2017,929058603.0,,0.0823,149757428.0
2883,2018,2717814828.0,,0.09176999999999999,149622812.0
2883,2019,0.1,,0.09021,0.004940000000000001
2883,2020,0.1,,0.09032,0.00436
2883,2021,0.1,,0.09153,0.00497
2883,2022,0.1,,0.09536,0.00464
2883,2023,0.1,,0.1,0.00458
2883,2024,0.1,,0.1,0.00426
2883,2025,4082703737.0,,4082703737.0,0.0041600000000000005
2884,2015,1775283931.0,,0.09315000000000001,0.0044800000000000005
2884,2016,1843847772.0,,0.09306,0.00475
2884,2017,1997253084.0,,0.09283,0.00474
2884,2018,2287787032.0,,0.093,0.004730000000000001
2884,2019,2498358191.0,,0.09307,0.0046500000000000005
2884,2020,0.1,,0.09389,0.00423
2884,2021,0.1,,0.09398000000000001,0.00413
2884,2022,0.1,,0.09469,0.00409
2884,2023,0.1,,0.1,0.00424
2884,2024,0.1,,0.1,0.00393
2884,2025,0.1,,0.1,0.0035800000000000003
2885,2015,1551145202.0,,0.08728,107129605.0
2885,2016,2081894325.0,,0.08937,119986478.0
2885,2017,2236714982.0,,0.0901,119986478.0
2885,2018,2287133925.0,,0.08964,116862325.0
2885,2019,0.1,,0.08964,0.00483
2885,2020,2757725203.0,,2757725203.0,0.0044
2885,2021,0.1,,0.09043999999999999,0.004019999999999999
2885,2022,0.1,,0.09099,0.004200000000000001
2885,2023,0.1,,0.1,0.0038799999999999998
2885,2024,0.1,,0.1,0.00348
2885,2025,4292144271.0,,4292144271.0,0.00311
2886,2015,3398518306.0,,0.09137,135998240.0
2886,2016,3301424091.0,,0.09115999999999999,135998240.0
2886,2017,3367238136.0,,3367238136.0,135998240.0
2886,2018,3542059361.0,,0.09112999999999999,135998240.0
2886,2019,0.1,,0.0912,0.00369
2886,2020,0.1,,0.09153,0.0035299999999999997
2886,2021,0.1,,0.09212000000000001,0.00326
2886,2022,0.1,,0.09325,0.00321
2886,2023,0.1,,0.1,0.00331
2886,2024,0.1,,0.1,0.00318
2886,2025,5107962996.0,,5107962996.0,0.0029
2887,2015,1520230642.0,,0.09178,88599429.0
2887,2016,1520187757.0,,0.09187999999999999,95049211.0
2887,2017,1596629904.0,,0.09065000000000001,95709394.0
2887,2018,1786893517.0,,0.09023,104362071.0
2887,2019,0.1,,0.09119,0.00525
2887,2020,0.1,,0.09153,0.00497
2887,2021,0.1,,0.09212000000000001,0.00454
2887,2022,0.1,,0.09295,0.00436
2887,2023,0.1,,0.1,0.004030000000000001
2887,2024,0.1,,0.1,0.00394
2887,2025,8652349716.0,,8652349716.0,0.00287
2890,2015,1587604651.0,,0.0917,101679807.0
2890,2016,1631644273.0,,0.09181,106763797.0
2890,2017,1675985340.0,,0.09201000000000001,106763797.0
2890,2018,1604926117.0,,0.09115999999999999,112710541.0
2890,2019,0.1,,0.09190999999999999,0.00615
2890,2020,0.1,,0.09273,0.00526
2890,2021,0.1,,0.09317,0.004730000000000001
2890,2022,0.1,,0.09411,0.00454
2890,2023,2695141486.0,,2695141486.0,0.0045
2890,2024,0.1,,0.1,0.00413
2890,2025,0.1,,0.1,0.00392
2891,2015,4596226754.0,,0.09395999999999999,180547806.0
2891,2016,4848189304.0,,0.09404000000000001,180547806.0
2891,2017,5067440189.0,,0.09440000000000001,194969896.0
2891,2018,5753247546.0,,0.09451999999999999,194969896.0
2891,2019,0.1,,0.09387000000000001,0.00313
2891,2020,0.1,,0.09387000000000001,0.0029500000000000004
2891,2021,0.1,,0.09361,0.00275
2891,2022,0.1,,0.09541,0.0025499999999999997
2891,2023,0.1,,0.1,0.0024500000000000004
2891,2024,0.1,,0.1,0.00222
2891,2025,9331086670.0,,9331086670.0,0.00211
2892,2015,2500095812.0,,0.09248,114611064.0
2892,2016,2530944146.0,,0.0925,119768562.0
2892,2017,2556131527.0,,0.09269,119768562.0
2892,2018,2935204419.0,,0.09301000000000001,123385572.0
2892,2019,0.1,,0.09315000000000001,0.0038900000000000002
2892,2020,3550503691.0,,3550503691.0,0.00362
2892,2021,0.1,,0.094,0.00347
2892,2022,0.1,,0.09459999999999999,0.00328
2892,2023,0.1,,0.1,0.0031
2892,2024,0.1,,0.1,0.00298
2892,2025,5041753713.0,,5041753713.0,0.00285
2912,2015,89382712.0,27113686.0,0.06522,10396223.0
2912,2016,87731645.0,26842853.0,0.06445000000000001,10396223.0
2912,2017,0.1,25718017.0,0.0,10396223.0
2912,2018,127695080.0,35252050.0,0.0022299999999999998,10396223.0
2912,2019,195128634.0,36222881.0,0.00176,10396223.0
2912,2020,0.1,0.01719,0.0025,0.00496
2912,2021,0.1,0.01593,0.0031,0.004849999999999999
2912,2022,0.1,0.01551,0.00302,0.00466
2912,2023,0.1,0.01366,0.00302,0.00432
2912,2024,0.1,0.01567,0.00307,0.00385
2912,2025,0.1,0.014539999999999999,0.0035600000000000002,0.0035499999999999998
3008,2015,83986576.0,63386299.0,0.02453,1341402.0
3008,2016,85297327.0,67825141.0,0.02048,1341402.0
3008,2017,0.1,76452744.0,0.02702,1341402.0
3008,2018,132648424.0,107599571.0,0.018879999999999997,1341402.0
3008,2019,153821598.0,126393911.0,0.01783,1341402.0
3008,2020,0.1,0.08220999999999999,0.01779,0.00078
3008,2021,0.1,0.08113,0.01887,0.0007700000000000001
3008,2022,0.1,0.08426,0.01574,0.00075
3008,2023,0.1,0.08495,0.015050000000000001,0.0007199999999999999
3008,2024,0.1,0.08476,0.01438,0.00062
3008,2025,0.1,0.08554,0.1,0.0006
3017,2015,26974870.0,8598283.0,0.0676,3533101.0
3017,2016,26768790.0,8218932.0,0.06869,3533101.0
3017,2017,0.1,8024716.0,0.0,3533101.0
3017,2018,30396264.0,8770127.0,0.0001,3533101.0
3017,2019,0.1,0.02524,5e-05,0.00994
3017,2020,40676236.0,0.026,0.0002,0.00869
3017,2021,0.1,0.024399999999999998,0.0,0.0069500000000000004
3017,2022,0.1,0.02401,2e-05,0.00577
3017,2023,0.1,0.030539999999999998,0.0,0.0062900000000000005
3017,2024,0.1,0.0289,0.0,0.0038900000000000002
3017,2025,0.1,0.02785,0.0,0.00249
3034,2015,41092605.0,28517824.0,0.030600000000000002,6085115.0
3034,2016,37525495.0,26711351.0,0.028820000000000002,6085115.0
3034,2017,0.1,25829659.0,0.0,6085115.0
3034,2018,48069623.0,30317509.0,0.0001,6085115.0
3034,2019,46875234.0,33078320.0,8.999999999999999e-05,6085115.0
3034,2020,0.1,0.06875,0.00057,0.01047
3034,2021,0.1,0.05842,0.00051,0.00505
3034,2022,0.1,0.06456999999999999,0.00074,0.00641
3034,2023,0.1,0.04684000000000001,0.00083,0.0051600000000000005
3034,2024,0.1,0.06633,0.00073,0.00594
3034,2025,0.1,0.06956999999999999,0.0005899999999999999,0.00625
3036,2015,47176832.0,16924092.0,0.06412999999999999,4476377.0
3036,2016,57739521.0,16856092.0,0.07081,4715196.0
3036,2017,0.1,15932451.0,0.0,4757418.0
3036,2018,93824808.0,21806876.0,0.00013000000000000002,5576106.0
3036,2019,101367236.0,23478394.0,0.00019,5914369.0
3036,2020,0.1,0.03517,0.00039,0.00705
3036,2021,0.1,0.03102,0.00022,0.00541
3036,2022,0.1,0.02468,0.0005200000000000001,0.0045
3036,2023,0.1,0.02934,0.0005,0.00531
3036,2024,0.1,0.02494,0.00027,0.00304
3036,2025,0.1,0.0223,0.00075,0.00265
3037,2015,103691867.0,43779712.0,0.05375,15386060.0
3037,2016,97198286.0,41513787.0,0.05319,15264538.0
3037,2017,0.1,41252330.0,0.05233,15218518.0
3037,2018,104616428.0,42121594.0,0.05536,15048658.0
3037,2019,110201731.0,43891683.0,0.056119999999999996,15047323.0
3037,2020,0.1,0.038829999999999996,0.05742,0.01207
3037,2021,0.1,0.0357,0.019399999999999997,0.00868
3037,2022,0.1,0.037579999999999995,0.02146,0.0070599999999999994
3037,2023,0.1,0.038509999999999996,0.00259,0.00691
3037,2024,0.1,0.0404,0.00477,0.00663
3037,2025,0.1,0.03932,0.00413,0.0066500000000000005
3044,2015,62525411.0,29767843.0,0.05239,5256059.0
3044,2016,61106499.0,28398348.0,0.05353,5256059.0
3044,2017,0.1,28006559.0,0.0,5256059.0
3044,2018,71520505.0,32421104.0,0.0009599999999999999,5256059.0
3044,2019,71605032.0,34141210.0,0.0011,5256059.0
3044,2020,0.1,0.047909999999999994,0.00149,0.00698
3044,2021,0.1,0.04519,0.0014299999999999998,0.0062
3044,2022,0.1,0.048600000000000004,0.00138,0.00622
3044,2023,0.1,0.05336,0.00123,0.00708
3044,2024,0.1,0.05744,0.00164,0.006
3044,2025,0.1,0.0551,0.0016200000000000001,0.00535
3045,2015,156085673.0,59555705.0,0.05817,34208328.0
3045,2016,151262287.0,56879761.0,0.05868,34208328.0
3045,2017,0.1,53649301.0,0.05964,34208328.0
3045,2018,147667028.0,61881520.0,0.00138,34238338.0
3045,2019,153919959.0,68017291.0,0.00117,35093545.0
3045,2020,0.1,0.03541,0.00103,0.019030000000000002
3045,2021,0.1,0.03431,0.00099,0.01843
3045,2022,0.1,0.03253,0.00094,0.01862
3045,2023,0.1,0.03133,0.00101,0.018879999999999997
3045,2024,0.1,0.03537,0.00111,0.01542
3045,2025,0.1,0.03671,0.00092,0.01587
3189,2015,42638732.0,28391136.0,0.0277,0.01046
3189,2016,41463191.0,28410252.0,0.02616,0.01076
3189,2017,0.1,27643983.0,0.0,0.01078
3189,2018,42623954.0,27782150.0,0.00032,0.01058
3189,2019,41703345.0,25567021.0,0.00017,4510738.0
3189,2020,0.1,0.06,0.00038,0.010539999999999999
3189,2021,0.1,0.04979,0.00019,0.007719999999999999
3189,2022,0.1,0.048659999999999995,0.00022,0.0066500000000000005
3189,2023,0.1,0.0421,0.00013000000000000002,4544746.0
3189,2024,0.1,0.039850000000000003,3468780.0,0.00575
3189,2025,0.1,0.04093,0.00136,0.00571
3231,2015,290385044.0,68715506.0,0.07615999999999999,25554824.0
3231,2016,294477847.0,64674883.0,0.07783,26521362.0
3231,2017,0.1,63083202.0,0.0,27498607.0
3231,2018,339102575.0,68945197.0,0.00047,28421220.0
3231,2019,344176335.0,73950584.0,0.0007099999999999999,28406121.0
3231,2020,0.1,0.01669,0.00094,0.00662
3231,2021,0.1,0.01567,0.00114,0.00584
3231,2022,0.1,0.019850000000000003,0.00161,0.0060999999999999995
3231,2023,0.1,0.02137,0.00146,0.00649
3231,2024,0.1,0.022510000000000002,0.002,0.00491
3231,2025,0.1,0.01618,0.00124,0.0029
3324,2015,3555728.0,0.03953,0.059770000000000004,0.02001
3324,2016,4810069.0,0.04182,0.0578,0.01614
3324,2017,0.1,0.04423,0.05527,0.01806
3324,2018,5779913.0,0.039740000000000004,0.06006,0.01438
3324,2019,7523573.0,3507291.0,0.05317,0.01131
3324,2020,0.1,0.04535,0.054329999999999996,0.00873
3324,2021,0.1,0.039869999999999996,0.05873,0.00743
3324,2022,0.1,0.04537,0.052969999999999996,0.00745
3324,2023,0.1,0.04828,0.049729999999999996,0.00784
3324,2024,0.1,0.05294,0.04513,0.00542
3324,2025,0.1,0.04243,0.1,0.0035600000000000002
3443,2015,5401808.0,3527578.0,0.0347,1340119.0
3443,2016,5694746.0,3517652.0,0.03823,1340119.0
3443,2017,0.1,3513093.0,0.0,1340119.0
3443,2018,0.1,4365904.0,0.01072,1340119.0
3443,2019,8340715.0,4312974.0,0.013300000000000001,1340119.0
3443,2020,0.1,0.04604,0.02444,0.01375
3443,2021,0.1,0.03543,0.03577,0.00902
3443,2022,0.1,0.037469999999999996,0.030789999999999998,0.00747
3443,2023,0.1,0.041100000000000005,0.02797,0.00694
3443,2024,0.1,0.04293,0.03553,0.00509
3443,2025,0.1,0.045399999999999996,0.0258,0.00471
3481,2015,387442336.0,232264723.0,0.040049999999999995,99532372.0
3481,2016,354910543.0,215344944.0,0.03932,99522104.0
3481,2017,0.1,249030887.0,0.03499,99520720.0
3481,2018,411919604.0,254990705.0,0.0381,99520720.0
3481,2019,369764346.0,231927704.0,0.03723,97110720.0
3481,2020,0.1,0.06254,0.0,0.02619
3481,2021,0.1,0.06509999999999999,0.03481,0.02259
3481,2022,0.1,0.06296,0.03692,0.022629999999999997
3481,2023,0.1,0.05911,0.040670000000000005,0.023829999999999997
3481,2024,0.1,0.06472,0.03478,0.02231
3481,2025,0.1,0.05759,0.1,0.02079
3533,2015,10857004.0,8039936.0,0.0255,0.00861
3533,2016,10669611.0,0.07108,0.02792,0.00876
3533,2017,0.1,0.07379999999999999,0.0,0.00898
3533,2018,13790208.0,9506158.0,4e-05,1060417.0
3533,2019,16280192.0,11815326.0,0.00011999999999999999,1034779.0
3533,2020,0.1,0.07001,0.00047999999999999996,0.00537
3533,2021,0.1,0.06383,0.00037,0.004019999999999999
3533,2022,31821748.0,0.06628,0.00020999999999999998,0.0033599999999999997
3533,2023,0.1,0.06849,0.00017999999999999998,0.0031
3533,2024,0.1,0.07164,5.9999999999999995e-05,0.0022400000000000002
3533,2025,0.1,0.07623,0.0,0.0022299999999999998
3653,2015,5100656.0,4349524.0,0.01473,1063242.0
3653,2016,0.1,4247609.0,0.02182,1063242.0
3653,2017,0.1,4188474.0,0.02502,1063242.0
3653,2018,6821914.0,0.07194,0.028059999999999998,1100756.0
3653,2019,7365086.0,5918294.0,0.01964,1210254.0
3653,2020,11417963.0,0.05658,11417963.0,0.0106
3653,2021,0.1,0.05235,0.00037,0.00905
3653,2022,0.1,0.05586,0.00016,0.00902
3653,2023,0.1,0.06319,0.00020999999999999998,0.00874
3653,2024,0.1,0.07836,0.00044,0.00774
3653,2025,0.1,0.08165,8.999999999999999e-05,0.00525
3661,2015,3915011.0,2827197.0,0.02779,0.01573
3661,2016,2901582.0,2454331.0,0.01541,0.02122
3661,2017,0.1,2558088.0,0.00032,0.01573
3661,2018,3717404.0,2920899.0,0.00853,0.016079999999999997
3661,2019,5225066.0,3301745.0,0.01483,0.0116
3661,2020,0.1,0.04267,0.04369,0.006809999999999999
3661,2021,0.1,0.07805,0.01116,0.00533
3661,2022,0.1,0.06505,0.01735,0.00366
3661,2023,0.1,0.06467,0.0167,0.00337
3661,2024,0.1,0.07843000000000001,0.012150000000000001,0.0016
3661,2025,0.1,0.07031,0.02071,0.0014
3665,2015,7084812.0,4386029.0,0.038090000000000006,0.012960000000000001
3665,2016,9469049.0,0.05391,0.046090000000000006,1014493.0
3665,2017,0.1,0.053630000000000004,12307685.0,0.00925
3665,2018,17736102.0,9005955.0,2e-05,1185174.0
3665,2019,0.1,0.05084,8e-05,0.00544
3665,2020,0.1,0.05827,7.000000000000001e-05,0.00575
3665,2021,25572481.0,0.05914,25572481.0,0.00538
3665,2022,52714883.0,0.03978,52714883.0,0.00297
3665,2023,0.1,0.039479999999999994,0.00033,0.0028
3665,2024,0.1,0.05944,0.00046,0.00311
3665,2025,0.1,0.056659999999999995,0.00023999999999999998,0.00237
3702,2015,179051865.0,47770420.0,0.07301,16557092.0
3702,2016,177498003.0,46916821.0,0.07329000000000001,16927825.0
3702,2017,0.1,48622426.0,0.07237,18109347.0
3702,2018,196060864.0,54358769.0,0.07204,16790568.0
3702,2019,0.1,0.027559999999999998,0.07223,0.00816
3702,2020,0.1,0.02798,0.07179,0.008029999999999999
3702,2021,0.1,0.02447,0.07525,0.00653
3702,2022,0.1,0.02341,0.07635,0.00526
3702,2023,0.1,0.027219999999999998,0.07246,0.0064800000000000005
3702,2024,0.1,0.0205,0.07922,0.00414
3702,2025,0.1,0.02016,0.1,0.00409
3706,2015,45162690.0,33554409.0,0.0257,7778113.0
3706,2016,51105871.0,33175170.0,0.03509,8131696.0
3706,2017,0.1,32959208.0,0.00132,8182562.0
3706,2018,48046151.0,37803327.0,0.00034,9367677.0
3706,2019,0.1,0.07127,0.0005,0.019440000000000002
3706,2020,0.1,0.07471,0.00022,0.0211
3706,2021,0.1,0.06884,0.0005899999999999999,0.0158
3706,2022,0.1,0.06598000000000001,0.00053,0.014029999999999999
3706,2023,0.1,0.06919,0.00019,0.01523
3706,2024,0.1,0.05225,0.0008100000000000001,0.0105
3706,2025,0.1,0.052289999999999996,0.0028799999999999997,0.01014
3711,2017,356622903.0,166838030.0,0.04979,83813479.0
3711,2018,533371203.0,203023354.0,0.05863,43217144.0
3711,2019,556654283.0,200968723.0,0.06149,43305287.0
3711,2020,583091082.0,0.0375,583091082.0,0.00744
3711,2021,0.1,0.03865,0.05919,0.006549999999999999
3711,2022,0.1,0.03908,0.05857,0.00592
3711,2023,0.1,0.04143,0.05578,0.00651
3711,2024,0.1,0.04368,0.05332,0.00596
3711,2025,0.1,0.039009999999999996,0.1,0.005
4904,2015,136881171.0,71906365.0,0.04692,32585008.0
4904,2016,140831403.0,68841815.0,0.05062,32585008.0
4904,2017,0.1,64606677.0,0.0,32585008.0
4904,2018,126816509.0,73317498.0,0.0017800000000000001,32585008.0
4904,2019,134162936.0,69763955.0,0.00152,32585008.0
4904,2020,0.1,0.038810000000000004,0.00126,0.018789999999999998
4904,2021,0.1,0.03711,0.0017,0.01856
4904,2022,169826297.0,0.03583,0.0019,0.019190000000000002
4904,2023,0.1,0.03548,0.0020499999999999997,0.01984
4904,2024,0.1,0.04881,0.0016699999999999998,0.019309999999999997
4904,2025,182116438.0,0.05059,0.00177,0.019809999999999998
4938,2015,476086663.0,150380135.0,0.0596,26030205.0
4938,2016,491527503.0,142860204.0,0.06420999999999999,25756275.0
4938,2017,0.1,138903068.0,0.0,25747336.0
4938,2018,584350615.0,150028838.0,0.00017,26123773.0
4938,2019,570519793.0,157665062.0,0.00027,26110919.0
4938,2020,0.1,0.02376,0.00015,0.0038900000000000002
4938,2021,0.1,0.02462,0.0002,0.00394
4938,2022,0.1,0.02763,0.0002,0.00404
4938,2023,0.1,0.03338,0.0002,0.00495
4938,2024,0.1,0.030690000000000002,0.00023999999999999998,0.00395
4938,2025,0.1,0.033280000000000004,0.00035,0.0043
4958,2015,91255415.0,42252533.0,0.053700000000000005,8047484.0
4958,2016,87066330.0,37982079.0,0.05638,8047484.0
4958,2017,0.1,30854780.0,0.05876,8047484.0
4958,2018,140107153.0,56055207.0,0.04425,8047484.0
4958,2019,139881335.0,67159702.0,0.03541,9022299.0
4958,2020,0.1,0.0433,0.04256,0.00523
4958,2021,0.1,0.0431,0.04201,0.00484
4958,2022,0.1,0.04071,0.04435,0.00412
4958,2023,0.1,0.039990000000000005,0.04388,0.00423
4958,2024,0.1,0.040909999999999995,0.04285,0.0036
4958,2025,0.1,0.044270000000000004,0.1,0.00382
5269,2015,1624883.0,1345556.0,0.01719,0.03513
5269,2016,1797508.0,1428578.0,0.02052,0.031760000000000004
5269,2017,0.1,1405117.0,0.0,0.024149999999999998
5269,2018,3218246.0,,0.00174,0.01866
5269,2019,3451089.0,,0.00075,0.0174
5269,2020,0.1,,0.00013000000000000002,0.00441
5269,2021,0.1,,0.00027,0.0038599999999999997
5269,2022,0.1,,7.000000000000001e-05,0.0038599999999999997
5269,2023,0.1,,0.00011,0.00376
5269,2024,0.1,0.09262000000000001,0.0,0.00207
5269,2025,0.1,0.0886,0.0003,0.00183
5274,2015,1207028.0,0.08742,0.012580000000000001,0.02624
5274,2016,1530253.0,0.07498,0.02502,0.02077
5274,2017,0.1,0.07035,0.00317,0.01348
5274,2018,2832675.0,0.08222,0.01778,0.012029999999999999
5274,2019,3418894.0,2633386.0,785508.0,0.01
5274,2020,0.1,0.08095000000000001,0.01905,0.00925
5274,2021,0.1,0.07781999999999999,0.02218,0.00754
5274,2022,0.1,0.07704000000000001,0.02296,0.00708
5274,2023,0.1,0.054990000000000004,0.04501,0.00642
5274,2024,0.1,0.07299,0.027010000000000003,0.004900000000000001
5274,2025,0.1,0.07326,0.1,0.00366
5483,2015,46186336.0,0.04977,0.03814,0.01256
5483,2016,48007138.0,0.04523,0.04291,0.01208
5483,2017,0.1,0.03177,0.00925,0.00732
5483,2018,103985315.0,0.02585,0.00433,0.00564
5483,2019,109383496.0,26670241.0,0.00377,5862217.0
5483,2020,0.1,0.02561,0.00342,0.00533
5483,2021,0.1,0.01706,0.00443,0.0035099999999999997
5483,2022,0.1,0.016489999999999998,0.00545,0.00316
5483,2023,0.1,0.01661,0.00479,0.0029300000000000003
5483,2024,0.1,0.0179,0.00271,0.0023599999999999997
5483,2025,0.1,0.01839,0.00304,0.0023799999999999997
5871,2015,267569822.0,37887041.0,0.08504,0.00426
5871,2016,280186810.0,37803095.0,0.08575,0.004070000000000001
5871,2017,0.1,38937838.0,0.08594,0.0038900000000000002
5871,2018,400377709.0,61214225.0,0.0,12895146.0
5871,2019,497337859.0,69761962.0,0.08513,0.00267
5871,2020,0.1,0.0161,0.08315,0.0025800000000000003
5871,2021,0.1,0.01537,0.08366,0.0022400000000000002
5871,2022,0.1,0.016399999999999998,0.08259,0.0020800000000000003
5871,2023,0.1,0.0156,0.08341,0.0019399999999999999
5871,2024,0.1,0.01762,0.0,0.00186
5871,2025,0.1,0.018690000000000002,0.1,0.00191
5876,2015,1624868880.0,115238996.0,0.09040999999999999,39991207.0
5876,2016,1627501274.0,114829313.0,0.09049,40791031.0
5876,2017,1696456127.0,119761737.0,0.09048,40791031.0
5876,2018,1892409757.0,131155947.0,0.09059,41016031.0
5876,2019,2075556734.0,153567619.0,0.09015999999999999,44816031.0
5876,2020,0.1,0.00734,0.09029999999999999,0.00212
5876,2021,0.1,0.00738,0.09022,0.00209
5876,2022,0.1,0.00661,0.09097,0.0019399999999999999
5876,2023,0.1,0.00718,0.1,0.0020099999999999996
5876,2024,0.1,0.00793,0.1,0.00195
5876,2025,2440645306.0,204918623.0,2440645306.0,0.00199
5880,2015,3235095280.0,,0.09412000000000001,110722290.0
5880,2016,3312028746.0,,0.09398000000000001,118472850.0
5880,2017,3329285182.0,,0.09404000000000001,118472850.0
5880,2018,3508287588.0,,0.09394,125687847.0
5880,2019,0.1,,0.09393000000000001,0.00346
5880,2020,0.1,,0.09426999999999999,0.00322
5880,2021,0.1,,0.09451999999999999,0.00307
5880,2022,0.1,,0.09539,0.00313
5880,2023,4629501698.0,,4629501698.0,0.0030299999999999997
5880,2024,0.1,,0.1,0.0029500000000000004
5880,2025,5380088848.0,,5380088848.0,0.0029100000000000003
6139,2015,23054481.0,0.0295,0.06001,1882512.0
6139,2016,23061303.0,7278666.0,0.05742,2144117.0
6139,2017,0.1,7114811.0,0.0,2166375.0
6139,2018,26996608.0,7701965.0,0.01107,2255409.0
6139,2019,28035252.0,7722774.0,0.01021,2255409.0
6139,2020,0.1,0.0269,0.016030000000000003,0.007980000000000001
6139,2021,0.1,0.02418,0.01507,0.007
6139,2022,0.1,0.02123,0.02732,0.0057
6139,2023,0.1,0.01648,0.04119,0.00429
6139,2024,0.1,0.02411,0.00266,0.00385
6139,2025,0.1,0.02334,0.0,0.00282
6239,2015,71702692.0,33830784.0,0.04149,7791466.0
6239,2016,75803643.0,34295695.0,0.04393,7791466.0
6239,2017,0.1,34929739.0,0.0,7791466.0
6239,2018,103595501.0,41003226.0,4e-05,7791466.0
6239,2019,107145981.0,43027728.0,5.9999999999999995e-05,7791466.0
6239,2020,0.1,0.04229,5e-05,0.0071600000000000006
6239,2021,0.1,0.04175,0.00014000000000000001,0.00657
6239,2022,0.1,0.04088,0.00019,0.00609
6239,2023,0.1,0.04263,0.00015,0.00657
6239,2024,0.1,0.05198,0.00013000000000000002,0.0069500000000000004
6239,2025,0.1,0.045700000000000005,0.00020999999999999998,0.0061600000000000005
6415,2015,5327270.0,0.0865,5327270.0,0.01468
6415,2016,9988488.0,6499934.0,0.03493,0.00813
6415,2017,0.1,9088969.0,0.01932,0.0076500000000000005
6415,2018,13877445.0,12937461.0,939984.0,0.0065
6415,2019,16638947.0,0.08924,16638947.0,0.0055
6415,2020,0.1,0.09076000000000001,0.00763,0.00468
6415,2021,0.1,0.08907999999999999,0.00925,0.00354
6415,2022,0.1,0.08553,0.01263,0.00271
6415,2023,0.1,0.08928,0.00881,0.0028599999999999997
6415,2024,0.1,0.08689,0.011859999999999999,0.00239
6415,2025,0.1,0.08448,0.1,0.0022
6446,2015,1040599.0,0.06627,0.033729999999999996,0.18286000000000002
6446,2016,4662892.0,0.09606,0.0,0.04683
6446,2017,0.1,0.09597,0.004030000000000001,0.054090000000000006
6446,2018,2805043.0,0.08813,333084.0,0.07809999999999999
6446,2019,0.1,0.0762,0.0,0.07604000000000001
6446,2020,0.1,0.07087,0.0,0.047619999999999996
6446,2021,0.1,0.06856999999999999,0.0,0.04467
6446,2022,0.1,0.07286,0.0,0.0384
6446,2023,0.1,0.09140999999999999,0.0,0.0123
6446,2024,0.1,0.08843000000000001,0.0,0.011
6446,2025,0.1,0.08547,0.0,0.010150000000000001
6488,2015,23815760.0,0.07022,0.02978,0.0155
6488,2016,26951789.0,0.06287,0.03712,0.013699999999999999
6488,2017,0.1,0.05043,0.0,0.0073
6488,2018,89822121.0,0.04803,0.00501,0.00487
6488,2019,96585753.0,45067015.0,0.00382,0.00453
6488,2020,0.1,0.046549999999999994,0.00352,0.00461
6488,2021,0.1,0.030289999999999997,0.004860000000000001,0.0029
6488,2022,0.1,0.03166,0.00632,0.00276
6488,2023,0.1,0.0341,0.00538,0.0025099999999999996
6488,2024,0.1,0.040530000000000004,0.00474,0.00213
6488,2025,0.1,0.04273,0.00367,0.00219
6505,2015,425467474.0,266689026.0,0.03731,95259597.0
6505,2016,415951012.0,278611219.0,0.03301,95259597.0
6505,2017,0.1,288735719.0,0.03436,95259597.0
6505,2018,405769455.0,337738208.0,7.000000000000001e-05,95259597.0
6505,2019,398031793.0,330223061.0,1e-05,95259597.0
6505,2020,0.1,0.08088,2e-05,0.02501
6505,2021,0.1,0.07791,1e-05,0.02076
6505,2022,0.1,0.07489,2e-05,0.02186
6505,2023,0.1,0.07769,2e-05,0.023600000000000003
6505,2024,0.1,0.08,2e-05,0.02566
6505,2025,0.1,0.08543,2e-05,0.02287
6515,2018,0.1,0.06651,0.03349,0.019030000000000002
6515,2019,0.1,0.06765,0.032350000000000004,0.01308
6515,2020,0.1,0.07363,0.00011,0.01271
6515,2021,0.1,0.07438,0.00064,0.00861
6515,2022,0.1,0.06519,0.00087,0.006860000000000001
6515,2023,0.1,0.06358,0.0015,0.0067800000000000004
6515,2024,0.1,0.07309,0.00246,0.004730000000000001
6515,2025,0.1,0.07126,0.0030099999999999997,0.0039900000000000005
6669,2015,6171124.0,0.01483,0.08517,0.006809999999999999
6669,2016,9504112.0,1086156.0,0.08857,0.00442
6669,2017,0.1,0.00973,22386179.0,0.00457
6669,2018,28204042.0,10776787.0,0.00135,1520288.0
6669,2019,48147226.0,20218865.0,0.0017900000000000001,1746368.0
6669,2020,0.1,0.0448,0.004200000000000001,0.00319
6669,2021,0.1,0.032299999999999995,0.0039700000000000004,0.00206
6669,2022,0.1,0.0385,0.0054,0.0019
6669,2023,0.1,0.0389,0.0038900000000000002,0.00186
6669,2024,0.1,0.046259999999999996,0.00297,0.0009699999999999999
6669,2025,0.1,0.03686,0.0,0.00055
6770,2018,0.1,0.00718,0.00185,0.00529
6770,2019,0.1,0.04071,0.00126,0.04232
6770,2020,0.1,0.04209,0.0008900000000000001,0.03935
6770,2021,0.1,0.05043,0.0008399999999999999,0.02677
6770,2022,0.1,0.05504,0.0007,0.02354
6770,2023,0.1,0.0545,0.00055,0.02316
6770,2024,0.1,0.04692,0.0007700000000000001,0.02209
6770,2025,0.1,0.04589,0.0008,0.023649999999999997
6789,2018,0.1,,4e-05,0.0484
6789,2019,0.1,,4e-05,0.046049999999999994
6789,2020,0.1,,5e-05,0.024730000000000002
6789,2021,0.1,,7.000000000000001e-05,0.019440000000000002
6789,2022,0.1,,4e-05,0.013980000000000001
6789,2023,0.1,,5e-05,0.01192
6789,2024,0.1,,0.00011999999999999999,0.01283
6789,2025,0.1,,0.00011,0.01426
6805,2018,0.1,0.046049999999999994,0.053950000000000005,0.028739999999999998
6805,2019,0.1,0.04561,0.05439,0.026420000000000003
6805,2020,0.1,0.03133,0.06867,0.0135
6805,2021,4839960.0,0.04277,4839960.0,0.01249
6805,2022,0.1,0.03761,0.06239,0.010039999999999999
6805,2023,0.1,0.03982,0.06018,0.0103
6805,2024,0.1,0.04347,0.0,0.00537
6805,2025,0.1,0.049,0.0,0.00467
