stock_id,year,revenue_million,operating_income_million,net_income_million
1101,2015,24560774.0,-283755.0,-670146.0
1101,2016,26548008.0,-1254827.0,345647.0
1101,2017,29359668.0,-116611.0,210759.0
1101,2018,34937248.0,564402.0,297788.0
1101,2019,35221136.0,-488318.0,62450.0
1101,2020,32118759.0,630849.0,613671.0
1101,2021,30136656.0,2053460.0,-529985.0
1101,2022,34655376.0,1470757.0,267279.0
1101,2023,28347871.0,383504.0,629774.0
1101,2024,49018022.0,2180279.0,921485.0
1101,2025,40426554.0,-3905284.0,2414550.0
1102,2015,17173570.0,539674.0,-231095.0
1102,2016,16841907.0,957535.0,242493.0
1102,2017,19550212.0,30784.0,615812.0
1102,2018,21832939.0,-675178.0,1309514.0
1102,2019,23140754.0,1006699.0,898254.0
1102,2020,23676707.0,688585.0,1833391.0
1102,2021,27843984.0,399140.0,811344.0
1102,2022,24246555.0,-37115.0,-285503.0
1102,2023,19943713.0,481242.0,-871014.0
1102,2024,20859734.0,1909316.0,518687.0
1102,2025,17889514.0,695870.0,851928.0
1216,2015,95515928.0,-22097.0,-464895.0
1216,2016,94416159.0,1512645.0,1320500.0
1216,2017,94823815.0,46904187.0,12742748.0
1216,2018,101186962.0,1281955.0,1663507.0
1216,2019,104623948.0,1517324.0,1791701.0
1216,2020,106508015.0,1824208.0,2205830.0
1216,2021,115783233.0,1724374.0,2453656.0
1216,2022,128334419.0,866904.0,2561385.0
1216,2023,147254589.0,1969696.0,1505869.0
1216,2024,157838554.0,1711777.0,2119935.0
1216,2025,157699923.0,1616816.0,3276878.0
1301,2015,45845689.0,5271556.0,4760558.0
1301,2016,50447093.0,7912626.0,8669112.0
1301,2017,53067915.0,9172984.0,8457069.0
1301,2018,56352447.0,-1616202.0,8002733.0
1301,2019,48551712.0,1063991.0,5594534.0
1301,2020,54635261.0,4133856.0,12051104.0
1301,2021,74407057.0,4693190.0,20578621.0
1301,2022,51066082.0,-5038922.0,1301143.0
1301,2023,47742845.0,-1632174.0,1766922.0
1301,2024,50330754.0,505837.0,2085536.0
1301,2025,41104145.0,-517688.0,979143.0
1303,2015,66927223.0,4420741.0,-149952.0
1303,2016,72680406.0,24513935.0,-165732.0
1303,2017,81496697.0,12141520.0,-88504.0
1303,2018,77699658.0,1957115.0,115433.0
1303,2019,71645830.0,1692747.0,54242.0
1303,2020,79381512.0,3089069.0,386467.0
1303,2021,108043498.0,4076858.0,1164667.0
1303,2022,75770720.0,-2777086.0,1742852.0
1303,2023,62991958.0,-870727.0,109764.0
1303,2024,68148931.0,1007490.0,101028.0
1303,2025,64466653.0,4514626.0,547346.0
1304,2015,12826758.0,-75246.0,67239.0
1304,2016,14370676.0,-31024.0,306953.0
1304,2017,15267467.0,50728.0,383515.0
1304,2018,15244031.0,96620.0,67441.0
1304,2019,13671641.0,-48879.0,134861.0
1304,2020,15574070.0,140484.0,1791070.0
1304,2021,19350845.0,-578178.0,1528006.0
1304,2022,15149074.0,-1699233.0,-771327.0
1304,2023,12829733.0,-1342645.0,-1109701.0
1304,2024,12620388.0,-1198610.0,-673941.0
1304,2025,9940539.0,-1578572.0,-866675.0
1305,2015,3532112.0,-9555.0,20086.0
1305,2016,3503794.0,16792.0,47551.0
1305,2017,3773612.0,14913.0,22408.0
1305,2018,3894073.0,6773.0,-7085.0
1305,2019,3710691.0,-728.0,33050.0
1305,2020,4592570.0,-13733.0,99548.0
1305,2021,5121827.0,32725.0,30075.0
1305,2022,3506859.0,-9627.0,18173.0
1305,2023,3221680.0,-50380.0,5930.0
1305,2024,2543800.0,-146821.0,-8512.0
1305,2025,1835554.0,31739.0,-5350.0
1308,2015,1323741.0,34310.0,160841.0
1308,2016,1870752.0,55865.0,272750.0
1308,2017,1596350.0,8428.0,153623.0
1308,2018,1886181.0,-16209.0,102214.0
1308,2019,1750480.0,25453.0,366753.0
1308,2020,1718294.0,174055.0,516277.0
1308,2021,2914580.0,-41330.0,1271600.0
1308,2022,2503866.0,-371974.0,818653.0
1308,2023,1677114.0,-311785.0,170774.0
1308,2024,1552871.0,-279648.0,20078.0
1308,2025,1402501.0,-383220.0,91461.0
1326,2015,78670403.0,3492706.0,1187354.0
1326,2016,82191106.0,4362083.0,5847911.0
1326,2017,98791622.0,7474152.0,3124730.0
1326,2018,101570950.0,-811005.0,-8573033.0
1326,2019,64326421.0,2789436.0,271431.0
1326,2020,72710259.0,3157062.0,5537445.0
1326,2021,94656252.0,1933537.0,-645146.0
1326,2022,85967795.0,-3570383.0,-1941138.0
1326,2023,87597742.0,-828852.0,-433245.0
1326,2024,81292081.0,-31275.0,-4570011.0
1326,2025,65000989.0,1021643.0,2886151.0
1402,2015,57067849.0,776656.0,757607.0
1402,2016,56402672.0,1953671.0,805716.0
1402,2017,58183153.0,-104873.0,1331669.0
1402,2018,61466794.0,673951.0,1044467.0
1402,2019,59794147.0,1801636.0,1090430.0
1402,2020,56035426.0,755570.0,1481834.0
1402,2021,65618706.0,712958.0,1221216.0
1402,2022,64068714.0,-38360.0,1151953.0
1402,2023,66962913.0,770414.0,1112933.0
1402,2024,70755061.0,2659236.0,2293222.0
1402,2025,68756008.0,859057.0,2912687.0
1503,2015,5204212.0,51751.0,5314.0
1503,2016,5866139.0,85599.0,6222.0
1503,2017,5979905.0,67461.0,7716.0
1503,2018,6608256.0,125505.0,11206.0
1503,2019,6560174.0,84643.0,21098.0
1503,2020,7262739.0,37454.0,22219.0
1503,2021,6864241.0,67161.0,40731.0
1503,2022,7975634.0,62800.0,36222.0
1503,2023,7457724.0,-45935.0,23085.0
1503,2024,8919415.0,-8154.0,32289.0
1503,2025,9684111.0,-35072.0,27599.0
1504,2015,12475214.0,-137052.0,90728.0
1504,2016,13427629.0,154282.0,120376.0
1504,2017,13275213.0,87408.0,111893.0
1504,2018,12995090.0,110423.0,94681.0
1504,2019,12059768.0,164411.0,39397.0
1504,2020,12474622.0,143521.0,116231.0
1504,2021,13838074.0,-370046.0,91653.0
1504,2022,15058189.0,183988.0,66463.0
1504,2023,14364314.0,191481.0,78492.0
1504,2024,13521877.0,276359.0,96652.0
1504,2025,15334616.0,374542.0,61545.0
1513,2015,3241116.0,-26344.0,-3097.0
1513,2016,3874634.0,42273.0,-5689.0
1513,2017,3417934.0,15406.0,9341.0
1513,2018,3258430.0,-41942.0,4274.0
1513,2019,3525913.0,15628.0,1389.0
1513,2020,5463758.0,39771.0,10030.0
1513,2021,5161198.0,-84848.0,8966.0
1513,2022,4799063.0,82016.0,1533.0
1513,2023,5846654.0,-5014.0,-5913.0
1513,2024,6950600.0,-118468.0,-26.0
1513,2025,7106089.0,33069.0,9903.0
1519,2015,2071932.0,-15800.0,-322.0
1519,2016,1359387.0,-34916.0,-1015.0
1519,2017,2101059.0,-36115.0,-648.0
1519,2018,1808811.0,37620.0,-3786.0
1519,2019,3058142.0,-4415.0,0.0
1519,2020,2605736.0,72474.0,0.0
1519,2021,3062533.0,24622.0,-2301.0
1519,2022,2665489.0,457284.0,-2492.0
1519,2023,5612009.0,48208.0,-5193.0
1519,2024,7162559.0,196313.0,-3602.0
1519,2025,8096609.0,422931.0,-21116.0
1590,2015,2164262.0,-107226.0,3260.0
1590,2016,2652632.0,-219103.0,1817.0
1590,2017,3450275.0,46967.0,-228.0
1590,2018,3581811.0,110195.0,-118.0
1590,2019,4092986.0,19607.0,-118.0
1590,2020,5390011.0,318846.0,-117.0
1590,2021,5767542.0,263571.0,-110.0
1590,2022,6264353.0,-77850.0,-94.0
1590,2023,7355790.0,22486.0,-77.0
1590,2024,7645814.0,109685.0,-77.0
1590,2025,9035139.0,133792.0,-92.0
1605,2015,37437959.0,-90642.0,141626.0
1605,2016,38976751.0,481979.0,120643.0
1605,2017,44169892.0,397058.0,89937.0
1605,2018,43430378.0,1040845.0,121185.0
1605,2019,30689211.0,-292640.0,302189.0
1605,2020,31188685.0,544156.0,139011.0
1605,2021,46428420.0,976706.0,429666.0
1605,2022,43735280.0,-947988.0,-162553.0
1605,2023,43333235.0,242997.0,-241386.0
1605,2024,46652337.0,-750763.0,-52283.0
1605,2025,41860205.0,1066438.0,-35514.0
1717,2015,9551810.0,99858.0,-6498.0
1717,2016,10386410.0,77587.0,-21346.0
1717,2017,11140715.0,310062.0,346.0
1717,2018,10446333.0,-38088.0,-11385.0
1717,2019,10171622.0,53853.0,-21728.0
1717,2020,11896155.0,-82333.0,-14813.0
1717,2021,13047729.0,11911.0,-57357.0
1717,2022,11770995.0,-16024.0,3928.0
1717,2023,10758850.0,127424.0,-3120.0
1717,2024,11267472.0,247471.0,-24395.0
1717,2025,10122998.0,169132.0,33047.0
1722,2015,5214639.0,-134590.0,1616952.0
1722,2016,3013041.0,-612337.0,576949.0
1722,2017,2796502.0,243.0,607737.0
1722,2018,3137021.0,747683.0,691930.0
1722,2019,3349140.0,84906.0,1063730.0
1722,2020,2151029.0,266567.0,609052.0
1722,2021,5029918.0,1127607.0,288151.0
1722,2022,3508997.0,410986.0,613106.0
1722,2023,2631994.0,31628.0,301349.0
1722,2024,2702624.0,142808.0,413255.0
1722,2025,2724438.0,-266557.0,416940.0
1802,2015,10953221.0,-698557.0,-220531.0
1802,2016,11448542.0,-941938.0,-92653.0
1802,2017,12579247.0,114161.0,46322.0
1802,2018,11196323.0,-66056.0,-26518.0
1802,2019,11414945.0,154836.0,-59398.0
1802,2020,13357003.0,653682.0,149851.0
1802,2021,13872128.0,1732590.0,286629.0
1802,2022,11387424.0,334376.0,-85851.0
1802,2023,12024543.0,158819.0,-83649.0
1802,2024,11560095.0,55984.0,862.0
1802,2025,10791851.0,-75082.0,103633.0
2002,2015,62993821.0,655824.0,-310958.0
2002,2016,82171323.0,-1784128.0,586506.0
2002,2017,90245238.0,114145.0,1013895.0
2002,2018,104219368.0,-219752.0,629735.0
2002,2019,84435087.0,-225133.0,-481448.0
2002,2020,87605969.0,392593.0,753627.0
2002,2021,129479580.0,825756.0,1148560.0
2002,2022,95377204.0,-211333.0,-1224225.0
2002,2023,88394248.0,84404.0,-431590.0
2002,2024,86593847.0,-5980.0,958793.0
2002,2025,75372686.0,-360448.0,1784668.0
2049,2015,3162016.0,-96148.0,-59665.0
2049,2016,4562841.0,4553.0,-122756.0
2049,2017,6148232.0,-511245.0,-259739.0
2049,2018,6648126.0,-302041.0,-284973.0
2049,2019,4014184.0,-123112.0,-56757.0
2049,2020,6150879.0,173388.0,-59194.0
2049,2021,6695123.0,-529765.0,-211230.0
2049,2022,5592106.0,80269.0,-45532.0
2049,2023,5757780.0,107050.0,-29763.0
2049,2024,6375815.0,-33533.0,-23946.0
2049,2025,6503036.0,207154.0,-32044.0
2059,2015,1127921.0,33864.0,651114.0
2059,2016,1249488.0,231317.0,718665.0
2059,2017,1113123.0,-74371.0,581110.0
2059,2018,1180606.0,115778.0,613488.0
2059,2019,1373352.0,-224984.0,765399.0
2059,2020,1263927.0,-182472.0,617710.0
2059,2021,1816978.0,-22216.0,977712.0
2059,2022,1988088.0,-269980.0,1172923.0
2059,2023,1864791.0,-433809.0,1246186.0
2059,2024,3098146.0,749602.0,2224699.0
2059,2025,4949108.0,969636.0,3766315.0
2105,2015,27483081.0,-119153.0,-30002.0
2105,2016,27727721.0,-167375.0,11595.0
2105,2017,27119426.0,-139019.0,17806.0
2105,2018,25781171.0,-42215.0,17008.0
2105,2019,26620462.0,-557060.0,48841.0
2105,2020,26702656.0,450611.0,10715.0
2105,2021,24176610.0,-44871.0,6489.0
2105,2022,22960084.0,-506033.0,-6063.0
2105,2023,22716733.0,-298261.0,-9686.0
2105,2024,22774378.0,132326.0,4847.0
2105,2025,20955145.0,-42536.0,26753.0
2106,2015,7247549.0,95482.0,0.0
2106,2016,7192144.0,360245.0,0.0
2106,2017,7859957.0,-143034.0,-1.0
2106,2018,7479880.0,82408.0,-1.0
2106,2019,7449962.0,-125723.0,-1.0
2106,2020,8204234.0,-246456.0,-1.0
2106,2021,8263185.0,-51785.0,1491746.0
2106,2022,8354622.0,-161494.0,-2.0
2106,2023,8563655.0,-122842.0,0.0
2106,2024,7995386.0,169531.0,1616577.0
2106,2025,8022471.0,16245.0,1628666.0
2204,2015,8392394.0,522884.0,38700.0
2204,2016,9173242.0,327882.0,62779.0
2204,2017,7967514.0,686445.0,132925.0
2204,2018,7748402.0,475835.0,96036.0
2204,2019,7668829.0,-3073139.0,11721.0
2204,2020,8007592.0,616365.0,138153.0
2204,2021,6416059.0,1012009.0,88747.0
2204,2022,7698853.0,-3284375.0,-25994.0
2204,2023,10797551.0,941232.0,-8833.0
2204,2024,7022322.0,671104.0,54800.0
2204,2025,8132101.0,498426.0,190572.0
2207,2015,41595167.0,1105744.0,258590.0
2207,2016,45548431.0,1083777.0,300664.0
2207,2017,49119604.0,,322742.0
2207,2018,49063851.0,,361849.0
2207,2019,61003259.0,,410582.0
2207,2020,60680195.0,,723395.0
2207,2021,56898868.0,,876632.0
2207,2022,65756990.0,,782396.0
2207,2023,69452165.0,,580204.0
2207,2024,71182943.0,,542604.0
2207,2025,70672234.0,,1383434.0
2301,2015,57745363.0,539623.0,-93211.0
2301,2016,63262726.0,-604610.0,-116149.0
2301,2017,54159832.0,806538.0,-5574.0
2301,2018,50469444.0,1096218.0,40453.0
2301,2019,44154967.0,606506.0,-22211.0
2301,2020,41435757.0,675807.0,42725.0
2301,2021,44568983.0,-455419.0,-6475.0
2301,2022,43094644.0,1520139.0,25095.0
2301,2023,36909031.0,934360.0,-17446.0
2301,2024,38299416.0,491079.0,-10132.0
2301,2025,44356417.0,559580.0,1934.0
2303,2015,33849382.0,906656.0,-113795.0
2303,2016,38305939.0,-1209643.0,-2044297.0
2303,2017,36630674.0,-151688.0,-589184.0
2303,2018,35517201.0,-1998046.0,-1282834.0
2303,2019,41849058.0,946867.0,-673556.0
2303,2020,45296353.0,5618944.0,-306006.0
2303,2021,59099588.0,557799.0,55537.0
2303,2022,67835715.0,889366.0,51985.0
2303,2023,54958278.0,2226555.0,-2035.0
2303,2024,60386110.0,-1442690.0,-36890.0
2303,2025,61809545.0,3277811.0,-55511.0
2308,2015,55608245.0,1228580.0,326002.0
2308,2016,57014288.0,1184177.0,119611.0
2308,2017,61357049.0,639358.0,411687.0
2308,2018,64633878.0,1373764.0,-451466.0
2308,2019,68193260.0,879351.0,-850141.0
2308,2020,78553020.0,150692.0,268935.0
2308,2021,83769457.0,1139978.0,236099.0
2308,2022,105660287.0,746265.0,1320071.0
2308,2023,100020430.0,2600253.0,448660.0
2308,2024,114202483.0,-861779.0,338615.0
2308,2025,161613099.0,-769844.0,4498276.0
2313,2015,13739811.0,-281655.0,2033386.0
2313,2016,14214764.0,-85063.0,1994655.0
2313,2017,16945607.0,-365094.0,2675287.0
2313,2018,14605578.0,-392634.0,1965623.0
2313,2019,17337129.0,-413868.0,4058637.0
2313,2020,18128842.0,-146529.0,3064878.0
2313,2021,19735379.0,36767.0,3780206.0
2313,2022,20845722.0,-427729.0,4366051.0
2313,2023,20126664.0,-237051.0,3371324.0
2313,2024,19832529.0,356272.0,3237329.0
2313,2025,21016187.0,237901.0,3930185.0
2317,2015,1429713447.0,16029833.0,-2335739.0
2317,2016,1403239008.0,10874853.0,2519872.0
2317,2017,1730388142.0,63222631.0,-1051288.0
2317,2018,1809898195.0,10844673.0,2307737.0
2317,2019,1740932341.0,13036136.0,6464881.0
2317,2020,2009011936.0,10325271.0,6083355.0
2317,2021,1889826141.0,9488389.0,7769626.0
2317,2022,1963028204.0,8218040.0,-240960.0
2317,2023,1852072177.0,17968110.0,-386512.0
2317,2024,2130503832.0,-1167447.0,6268010.0
2317,2025,2606372027.0,-3308738.0,14241425.0
2324,2015,234298355.0,-22418.0,143258.0
2324,2016,219338916.0,1337172.0,152971.0
2324,2017,254840492.0,140384.0,91724.0
2324,2018,280302021.0,-116269.0,167364.0
2324,2019,267523325.0,-317452.0,107875.0
2324,2020,333987078.0,823316.0,287712.0
2324,2021,367835268.0,658634.0,277912.0
2324,2022,248706045.0,-384913.0,260721.0
2324,2023,241671172.0,-601793.0,287014.0
2324,2024,229155396.0,1834.0,468411.0
2324,2025,190852231.0,-119996.0,575910.0
2327,2015,6535250.0,158375.0,6273.0
2327,2016,7188395.0,760863.0,9694.0
2327,2017,9651479.0,141427.0,22619.0
2327,2018,16218592.0,630109.0,156706.0
2327,2019,10015831.0,-679404.0,-5980.0
2327,2020,22225455.0,-937830.0,7246.0
2327,2021,25690047.0,-310958.0,5086.0
2327,2022,28835178.0,505669.0,1517.0
2327,2023,27361435.0,1160157.0,-381.0
2327,2024,30005958.0,883139.0,41790.0
2327,2025,35968221.0,-25818.0,102866.0
2330,2015,203518563.0,2679959.0,6314.0
2330,2016,262227252.0,2140134.0,27317.0
2330,2017,277570284.0,2779901.0,19862.0
2330,2018,289770193.0,3958841.0,21165.0
2330,2019,317237065.0,4538251.0,42676.0
2330,2020,361533057.0,3987187.0,57631.0
2330,2021,438189306.0,2047257.0,142664.0
2330,2022,625531868.0,9629104.0,493149.0
2330,2023,625528856.0,18076486.0,-122303.0
2330,2024,868461178.0,23085091.0,-1700036.0
2330,2025,1046090421.0,27460788.0,-174100.0
2344,2015,9840433.0,-15620.0,8911.0
2344,2016,10775161.0,51757.0,36646.0
2344,2017,13205649.0,3024.0,35038.0
2344,2018,11868264.0,-43535.0,24721.0
2344,2019,12452668.0,-90476.0,29863.0
2344,2020,20347852.0,-101789.0,107057.0
2344,2021,25995677.0,-7173.0,484755.0
2344,2022,19223813.0,-70458.0,547363.0
2344,2023,19173669.0,220209.0,324487.0
2344,2024,18692003.0,-39618.0,-210180.0
2344,2025,26625074.0,-75051.0,-329915.0
2345,2015,7118350.0,-22127.0,-274.0
2345,2016,8429155.0,29262.0,0.0
2345,2017,10187321.0,-79743.0,-2770.0
2345,2018,13026850.0,9029.0,-31.0
2345,2019,14032283.0,-122204.0,-132.0
2345,2020,15713778.0,-192933.0,-61.0
2345,2021,17143267.0,66982.0,0.0
2345,2022,22198149.0,-275423.0,0.0
2345,2023,21956341.0,-498641.0,0.0
2345,2024,38971903.0,489986.0,-910.0
2345,2025,72017781.0,1201911.0,-8112.0
2347,2015,94211179.0,-257118.0,122214.0
2347,2016,90643831.0,292953.0,88447.0
2347,2017,106968344.0,733799.0,62164.0
2347,2018,98721628.0,526933.0,166137.0
2347,2019,93279381.0,754129.0,91564.0
2347,2020,99926023.0,1085002.0,182976.0
2347,2021,123930530.0,1081107.0,132864.0
2347,2022,111538393.0,534814.0,57292.0
2347,2023,114206974.0,374471.0,120173.0
2347,2024,113246192.0,659272.0,114784.0
2347,2025,126210457.0,562794.0,384300.0
2356,2015,110051789.0,-113481.0,-127683.0
2356,2016,113117662.0,-91337.0,-155425.0
2356,2017,132677380.0,-1698935.0,-1779207.0
2356,2018,134102019.0,167721.0,-361489.0
2356,2019,129578038.0,-326781.0,-114134.0
2356,2020,125476916.0,185773.0,-542590.0
2356,2021,148001194.0,343883.0,-287012.0
2356,2022,134756958.0,-300171.0,-25268.0
2356,2023,128071274.0,-575881.0,-64307.0
2356,2024,197781801.0,-930382.0,4608.0
2356,2025,171293077.0,205778.0,17594.0
2357,2015,132722972.0,263980.0,112642.0
2357,2016,126398576.0,595736.0,136228.0
2357,2017,113956052.0,1459789.0,152764.0
2357,2018,62074915.0,2246874.0,180635.0
2357,2019,97288885.0,1988107.0,233305.0
2357,2020,122325373.0,2673084.0,581763.0
2357,2021,151904185.0,1876581.0,844244.0
2357,2022,127076385.0,891884.0,178273.0
2357,2023,120161262.0,2730217.0,841975.0
2357,2024,153922801.0,1786556.0,1536110.0
2357,2025,202923942.0,3639509.0,1808895.0
2360,2015,2561058.0,11247.0,-16745.0
2360,2016,2775034.0,54632.0,3113.0
2360,2017,5214759.0,27401.0,660.0
2360,2018,3924172.0,60072.0,4533.0
2360,2019,4477808.0,111368.0,15372.0
2360,2020,4177935.0,128868.0,22189.0
2360,2021,4589615.0,162700.0,56506.0
2360,2022,6072800.0,64930.0,48238.0
2360,2023,5024512.0,-15977.0,11573.0
2360,2024,6039133.0,379597.0,64232.0
2360,2025,8580370.0,420024.0,113885.0
2368,2015,4658144.0,-137367.0,683111.0
2368,2016,5122366.0,-111653.0,774966.0
2368,2017,4912262.0,-18423.0,520555.0
2368,2018,5062176.0,-153242.0,763845.0
2368,2019,5659137.0,-219415.0,1136904.0
2368,2020,5612335.0,-132570.0,1203065.0
2368,2021,7386773.0,-22828.0,1791423.0
2368,2022,8480242.0,-157753.0,2203786.0
2368,2023,8537863.0,-51933.0,2371251.0
2368,2024,9855846.0,360981.0,2556592.0
2368,2025,16408204.0,295259.0,5523800.0
2376,2015,12221772.0,552766.0,2268.0
2376,2016,12354901.0,472977.0,-9414.0
2376,2017,15534392.0,317341.0,-39431.0
2376,2018,12946792.0,153006.0,-25642.0
2376,2019,15772072.0,142201.0,10958.0
2376,2020,23457829.0,350275.0,-16279.0
2376,2021,30456560.0,486864.0,-908.0
2376,2022,27799638.0,484053.0,-1950.0
2376,2023,45596208.0,117725.0,38922.0
2376,2024,65615165.0,1358227.0,202921.0
2376,2025,89349640.0,244675.0,284943.0
2377,2015,24085749.0,13538.0,0.0
2377,2016,26543713.0,100260.0,3926066.0
2377,2017,29522396.0,93017.0,4074213.0
2377,2018,29751579.0,85745.0,3113546.0
2377,2019,32045265.0,119009.0,4042090.0
2377,2020,41905844.0,198587.0,5944823.0
2377,2021,55276215.0,78450.0,9764300.0
2377,2022,40790349.0,146174.0,3306220.0
2377,2023,49154981.0,-570325.0,5291728.0
2377,2024,51486818.0,72184.0,5304063.0
2377,2025,57608253.0,346424.0,6402218.0
2379,2015,9240226.0,96334.0,5.0
2379,2016,9800679.0,308494.0,4.0
2379,2017,10801604.0,241962.0,3.0
2379,2018,11941591.0,273131.0,9.0
2379,2019,16684699.0,-31529.0,25.0
2379,2020,22084497.0,139278.0,16.0
2379,2021,27369607.0,136474.0,9.0
2379,2022,21762118.0,483873.0,44.0
2379,2023,22585125.0,1128406.0,-1.0
2379,2024,26344622.0,762358.0,19.0
2379,2025,26278474.0,651361.0,18.0
2382,2015,275157692.0,580547.0,-163654.0
2382,2016,265245242.0,553425.0,76207.0
2382,2017,281718501.0,771604.0,63521.0
2382,2018,316684186.0,496476.0,158976.0
2382,2019,297398484.0,-752997.0,-42382.0
2382,2020,303030468.0,1494413.0,115235.0
2382,2021,338633625.0,2220881.0,279333.0
2382,2022,326105478.0,2316833.0,94320.0
2382,2023,287896101.0,872423.0,179438.0
2382,2024,417312909.0,2598339.0,263296.0
2382,2025,638637424.0,3459318.0,294148.0
2383,2015,5025558.0,56655.0,328.0
2383,2016,5877547.0,25967.0,836.0
2383,2017,5720920.0,2718.0,860.0
2383,2018,5403610.0,49648.0,801.0
2383,2019,6780363.0,21210.0,1134.0
2383,2020,7517307.0,84433.0,1706.0
2383,2021,10161964.0,-18337.0,1979.0
2383,2022,8888035.0,26652.0,0.0
2383,2023,12882143.0,76946.0,0.0
2383,2024,18562104.0,-154989.0,-4850.0
2383,2025,24927178.0,-314447.0,-1612.0
2395,2015,9751216.0,44942.0,8485.0
2395,2016,10804954.0,59116.0,6906.0
2395,2017,11759609.0,120627.0,-834.0
2395,2018,12366224.0,76447.0,4506.0
2395,2019,13485776.0,-297145.0,-8613.0
2395,2020,12779199.0,-195283.0,29202.0
2395,2021,15744096.0,-30397.0,-3241.0
2395,2022,17186777.0,137268.0,852.0
2395,2023,15137606.0,38242.0,-29026.0
2395,2024,16313759.0,688555.0,-90544.0
2395,2025,17921409.0,869545.0,-33734.0
2404,2015,3446901.0,9676.0,6203.0
2404,2016,3951999.0,99747.0,20021.0
2404,2017,2604777.0,475.0,56351.0
2404,2018,7753203.0,12803.0,50060.0
2404,2019,7176794.0,46016.0,27591.0
2404,2020,7028605.0,325513.0,28481.0
2404,2021,7547526.0,146359.0,24322.0
2404,2022,18385072.0,-66303.0,43713.0
2404,2023,18151943.0,-257171.0,90392.0
2404,2024,12642618.0,414550.0,43831.0
2404,2025,20555471.0,525642.0,13831.0
2408,2015,10354866.0,24823.0,5976.0
2408,2016,12097960.0,18856235.0,3744371.0
2408,2017,16768786.0,15457396.0,-1598.0
2408,2018,16957562.0,892506.0,0.0
2408,2019,13115509.0,110506.0,3376751.0
2408,2020,14773420.0,-166772.0,3251465.0
2408,2021,21398949.0,101255.0,10563413.0
2408,2022,7953553.0,125454.0,1036908.0
2408,2023,8703978.0,520669.0,-1187708.0
2408,2024,6575094.0,898994.0,-694550.0
2408,2025,30093618.0,1602308.0,14760844.0
2409,2015,83442089.0,-6859400.0,-546177.0
2409,2016,91845582.0,-269015.0,-831081.0
2409,2017,80663616.0,-439566.0,-595693.0
2409,2018,77093359.0,1103709.0,-595603.0
2409,2019,61968209.0,-1431666.0,-402544.0
2409,2020,80535020.0,77696.0,682455.0
2409,2021,93034036.0,1711403.0,1199058.0
2409,2022,52648029.0,432948.0,177513.0
2409,2023,63345797.0,-291727.0,36422.0
2409,2024,68692009.0,6342083.0,152212.0
2409,2025,70141567.0,4782133.0,378021.0
2412,2015,62224056.0,323506.0,297345.0
2412,2016,58333864.0,-226600.0,274450.0
2412,2017,60884739.0,308185.0,233484.0
2412,2018,55487556.0,273750.0,257851.0
2412,2019,55232565.0,69598.0,258968.0
2412,2020,59479809.0,-87232.0,386784.0
2412,2021,59890316.0,78524.0,440561.0
2412,2022,59500974.0,-111755.0,403455.0
2412,2023,61866758.0,-18872.0,248277.0
2412,2024,65295612.0,285060.0,544922.0
2412,2025,65651267.0,802490.0,567138.0
2449,2015,4292981.0,-31310.0,62.0
2449,2016,5234560.0,-123915.0,-786.0
2449,2017,4802619.0,-95117.0,-35.0
2449,2018,5673828.0,32406.0,-1505.0
2449,2019,7147139.0,-71744.0,-426.0
2449,2020,6937058.0,-36784.0,163.0
2449,2021,9534151.0,99630.0,47660.0
2449,2022,8849563.0,-43141.0,19386.0
2449,2023,8499839.0,190912.0,-1232.0
2449,2024,7296910.0,-15081.0,105950.0
2449,2025,9965652.0,143896.0,-154.0
2454,2015,61712919.0,997133.0,-217827.0
2454,2016,68675426.0,1586388.0,95931.0
2454,2017,60403400.0,9445367.0,-69628.0
2454,2018,60891881.0,319032.0,-55954.0
2454,2019,64708379.0,828942.0,29072.0
2454,2020,96405226.0,1518508.0,245615.0
2454,2021,128653877.0,4278190.0,89993.0
2454,2022,108194084.0,2971081.0,687.0
2454,2023,129562005.0,3579814.0,33470.0
2454,2024,138043124.0,4798894.0,142430.0
2454,2025,150188010.0,5297547.0,182935.0
2603,2015,30672953.0,-775318.0,-659406.0
2603,2016,34195363.0,-296483.0,1510780.0
2603,2017,37514422.0,762205.0,-726906.0
2603,2018,49201403.0,-349911.0,320439.0
2603,2019,47924511.0,-960345.0,-130765.0
2603,2020,64689793.0,-321521.0,2538132.0
2603,2021,156005652.0,2308057.0,5252066.0
2603,2022,111026528.0,5644460.0,156177.0
2603,2023,69691146.0,1812059.0,-747644.0
2603,2024,115811709.0,7177203.0,1480016.0
2603,2025,85693535.0,2210852.0,1129910.0
2609,2015,29911870.0,-244230.0,-17495.0
2609,2016,31512409.0,-390067.0,-34783.0
2609,2017,31814716.0,172133.0,23222.0
2609,2018,38483644.0,-406097.0,52762.0
2609,2019,35921651.0,-679313.0,49837.0
2609,2020,46029614.0,-1476254.0,42340.0
2609,2021,102681250.0,-592857.0,34242.0
2609,2022,59935393.0,-528344.0,80835.0
2609,2023,32722789.0,980663.0,21690.0
2609,2024,53476912.0,2232487.0,58971.0
2609,2025,37292622.0,2680679.0,116530.0
2610,2015,35181921.0,-998184.0,-38553.0
2610,2016,35692247.0,-1143155.0,-178277.0
2610,2017,41626003.0,-1164446.0,-95733.0
2610,2018,44503981.0,-134253.0,80887.0
2610,2019,42141852.0,-498977.0,36075.0
2610,2020,29766200.0,-859251.0,-28634.0
2610,2021,47166763.0,-389378.0,16307.0
2610,2022,38939194.0,483072.0,-34925.0
2610,2023,47250259.0,-856181.0,13908.0
2610,2024,52950819.0,366872.0,-10953.0
2610,2025,54162060.0,-158364.0,228145.0
2615,2015,14929040.0,-384359.0,-13778.0
2615,2016,14890459.0,117161.0,476.0
2615,2017,15799785.0,-10723.0,-15780.0
2615,2018,18593323.0,57907.0,1652.0
2615,2019,18877282.0,439851.0,-18390.0
2615,2020,27946396.0,830940.0,3898.0
2615,2021,70644905.0,450292.0,-8408.0
2615,2022,39518611.0,117758.0,5676.0
2615,2023,25144422.0,-4025214.0,1620.0
2615,2024,41525876.0,4984745.0,-3427.0
2615,2025,33381888.0,3248627.0,16395.0
2618,2015,35093143.0,-565658.0,-58759.0
2618,2016,36417814.0,-394441.0,-51434.0
2618,2017,42130031.0,-294514.0,-84290.0
2618,2018,45095211.0,-43069.0,15673.0
2618,2019,47569626.0,-1104668.0,160590.0
2618,2020,21123761.0,-902271.0,55451.0
2618,2021,34216523.0,-487336.0,75863.0
2618,2022,39441720.0,-1022547.0,349109.0
2618,2023,54058148.0,-780068.0,148899.0
2618,2024,56559632.0,238422.0,241703.0
2618,2025,57646692.0,-88731.0,261118.0
2633,2015,31962924.0,3376527.0,16575584.0
2633,2016,10548718.0,-2204397.0,3702161.0
2633,2017,11408899.0,-2992645.0,4802007.0
2633,2018,11743688.0,-3179812.0,5169445.0
2633,2019,12199791.0,-3326657.0,5469949.0
2633,2020,11508182.0,-1970432.0,4783912.0
2633,2021,9650406.0,-1736331.0,3170254.0
2633,2022,11697076.0,-2621195.0,5060524.0
2633,2023,13165518.0,-1920211.0,5989040.0
2633,2024,13435174.0,-3724721.0,5793685.0
2633,2025,14540351.0,-3697593.0,6284643.0
2801,2015,,,2235180.0
2801,2016,,,1593280.0
2801,2017,,,1894690.0
2801,2018,,,1958910.0
2801,2019,,,2324690.0
2834,2015,,,0.0
2834,2016,,,0.0
2834,2017,,,0.0
2834,2018,,,0.0
2834,2019,,,0.0
2834,2020,,,0.0
2834,2021,,,0.0
2834,2022,,,0.0
2834,2023,,,0.0
2834,2024,,,0.0
2834,2025,,,0.0
2880,2015,9494378.0,,12.0
2880,2016,10442955.0,,11.0
2880,2017,10405983.0,,21.0
2880,2018,10725591.0,,5.0
2880,2019,10600151.0,,29.0
2880,2020,11327992.0,,30.0
2880,2021,11764228.0,,29.0
2880,2022,11824143.0,,47.0
2880,2023,14491055.0,,47.0
2880,2024,15663843.0,,64.0
2880,2025,17421791.0,,74.0
2881,2015,111703583.0,,-254053.0
2881,2016,99031395.0,,-60363.0
2881,2017,88029200.0,,-30072.0
2881,2018,81807366.0,,680272.0
2881,2019,105645246.0,,87883.0
2881,2020,106422740.0,,1030156.0
2881,2021,106596457.0,,1172033.0
2881,2022,-31137831.0,,1222626.0
2881,2023,14198311.0,,1231545.0
2881,2024,103454254.0,,-1064268.0
2881,2025,143868884.0,,69521.0
2882,2015,92686019.0,,-60438.0
2882,2016,130685127.0,,-91890.0
2882,2017,156213515.0,,-44925.0
2882,2018,114727045.0,,398016.0
2882,2019,173186510.0,,272438.0
2882,2020,155763530.0,,360692.0
2882,2021,148373555.0,,732734.0
2882,2022,34942939.0,,-375618.0
2882,2023,61731781.0,,-221989.0
2882,2024,73838785.0,,2306416.0
2882,2025,100625498.0,,244245.0
2883,2015,8985262.0,,23387.0
2883,2016,6958886.0,,-3019.0
2883,2017,49994390.0,,5323246.0
2883,2018,61644198.0,,-11158344.0
2883,2019,51953940.0,,3453907.0
2883,2020,52519691.0,,17581256.0
2883,2021,43956686.0,,4581344.0
2883,2022,-3546990.0,,-73.0
2883,2023,1906490.0,,-120.0
2883,2024,21373506.0,,1579.0
2883,2025,27454438.0,,1715.0
2884,2015,9162657.0,,11342.0
2884,2016,10574275.0,,-129422.0
2884,2017,11701434.0,,29684.0
2884,2018,12086614.0,,3300.0
2884,2019,13733189.0,,2740.0
2884,2020,13669154.0,,9743.0
2884,2021,14668537.0,,12419.0
2884,2022,14774126.0,,11037.0
2884,2023,18514087.0,,11858.0
2884,2024,17546446.0,,9288.0
2884,2025,23963596.0,,13226.0
2885,2015,20120370.0,,134878.0
2885,2016,26194685.0,,-321492.0
2885,2017,28847354.0,,1231476.0
2885,2018,25837463.0,,265797.0
2885,2019,30093018.0,,500766.0
2885,2020,32362130.0,,1545610.0
2885,2021,22974362.0,,-360866.0
2885,2022,16271338.0,,1454061.0
2885,2023,20267416.0,,408863.0
2885,2024,30703121.0,,-500975.0
2885,2025,38616674.0,,1071246.0
2886,2015,17150630.0,,-22115.0
2886,2016,13708638.0,,-10838.0
2886,2017,14432239.0,,-81.0
2886,2018,13819901.0,,-17996.0
2886,2019,15701624.0,,-2.0
2886,2020,14964266.0,,0.0
2886,2021,15065756.0,,0.0
2886,2022,13950486.0,,0.0
2886,2023,19666994.0,,0.0
2886,2024,18000753.0,,0.0
2886,2025,19814478.0,,9639317.0
2887,2015,8970538.0,,-3154.0
2887,2016,8653077.0,,1741.0
2887,2017,9840884.0,,425.0
2887,2018,8901004.0,,-64.0
2887,2019,10644612.0,,605.0
2887,2020,10540955.0,,-3121.0
2887,2021,16534177.0,,-3079.0
2887,2022,19040406.0,,695.0
2887,2023,16706492.0,,21.0
2887,2024,20438441.0,,130.0
2887,2025,60924851.0,,13661.0
2890,2015,8160297.0,,-482.0
2890,2016,7235171.0,,-3.0
2890,2017,8001268.0,,8.0
2890,2018,7024556.0,,13.0
2890,2019,8404448.0,,-1.0
2890,2020,9613196.0,,0.0
2890,2021,10555901.0,,0.0
2890,2022,10209656.0,,0.0
2890,2023,12867129.0,,0.0
2890,2024,14431009.0,,0.0
2890,2025,18940361.0,,47582.0
2891,2015,66958017.0,,4188.0
2891,2016,84077616.0,,-961.0
2891,2017,91441064.0,,-896.0
2891,2018,84971903.0,,2759.0
2891,2019,66323059.0,,-5185.0
2891,2020,34090669.0,,2916.0
2891,2021,49667271.0,,-371944.0
2891,2022,2494598.0,,1720481.0
2891,2023,29693229.0,,812814.0
2891,2024,48126575.0,,-289087.0
2891,2025,70935768.0,,877819.0
2892,2015,10701784.0,,-24187.0
2892,2016,11321540.0,,-98364.0
2892,2017,13257891.0,,4636.0
2892,2018,13694960.0,,0.0
2892,2019,15242814.0,,4019196.0
2892,2020,16160004.0,,4873513.0
2892,2021,15207185.0,,1491198.0
2892,2022,15556874.0,,6706772.0
2892,2023,15518433.0,,6435307.0
2892,2024,16738601.0,,2725907.0
2892,2025,19659754.0,,10321471.0
2912,2015,52415641.0,87844.0,275032.0
2912,2016,53903223.0,456871.0,201387.0
2912,2017,55673790.0,28396277.0,371054.0
2912,2018,61706731.0,658336.0,457143.0
2912,2019,64936903.0,489578.0,487423.0
2912,2020,66148703.0,399738.0,237920.0
2912,2021,68644703.0,464711.0,486768.0
2912,2022,75789469.0,283663.0,674099.0
2912,2023,81449846.0,771260.0,505932.0
2912,2024,86139567.0,821262.0,662889.0
2912,2025,89784563.0,993758.0,662772.0
3008,2015,15440440.0,-64269.0,0.0
3008,2016,15722360.0,363720.0,0.0
3008,2017,16088416.0,148666.0,0.0
3008,2018,12444956.0,635461.0,0.0
3008,2019,18357290.0,-861233.0,0.0
3008,2020,15292730.0,181913.0,0.0
3008,2021,13051859.0,287705.0,0.0
3008,2022,14390119.0,-1616617.0,0.0
3008,2023,17883054.0,-1778173.0,9455822.0
3008,2024,18209987.0,2708355.0,308106.0
3008,2025,17218640.0,1906917.0,88773.0
3017,2015,6727658.0,-112869.0,3375.0
3017,2016,7192214.0,-6675.0,46062.0
3017,2017,7551257.0,77440.0,20093.0
3017,2018,7945034.0,98842.0,-14210.0
3017,2019,10221363.0,-26329.0,12975.0
3017,2020,10525967.0,-261145.0,86419.0
3017,2021,12212542.0,-266785.0,92316.0
3017,2022,14777016.0,5964.0,98502.0
3017,2023,16720109.0,74761.0,104088.0
3017,2024,20904070.0,306298.0,327633.0
3017,2025,47775002.0,37851.0,832633.0
3034,2015,12631912.0,68915.0,0.0
3034,2016,11219419.0,124627.0,0.0
3034,2017,11950854.0,-24064.0,0.0
3034,2018,15346372.0,103112.0,0.0
3034,2019,16525710.0,-210339.0,0.0
3034,2020,22452842.0,-198751.0,0.0
3034,2021,36542106.0,141577.0,0.0
3034,2022,22420161.0,-225332.0,0.0
3034,2023,27153825.0,23747.0,0.0
3034,2024,25262519.0,775356.0,0.0
3034,2025,22817209.0,554065.0,8712827.0
3036,2015,27575552.0,6077.0,167.0
3036,2016,45452039.0,-177300.0,55.0
3036,2017,59844407.0,-224112.0,73.0
3036,2018,85762524.0,-515207.0,62.0
3036,2019,96774216.0,-429098.0,38.0
3036,2020,109090311.0,12595.0,55.0
3036,2021,129048680.0,-205184.0,-26755.0
3036,2022,157464539.0,-1060151.0,-35623.0
3036,2023,189696007.0,-656522.0,-117921.0
3036,2024,261877604.0,-912911.0,99165.0
3036,2025,342086747.0,-842629.0,32536.0
3037,2015,17587497.0,147428.0,-112222.0
3037,2016,16455042.0,728517.0,2402.0
3037,2017,18863761.0,683825.0,229560.0
3037,2018,20480198.0,-193657.0,30807.0
3037,2019,22572453.0,76367.0,131236.0
3037,2020,22576763.0,1367587.0,244966.0
3037,2021,30564295.0,687717.0,267479.0
3037,2022,36689686.0,-231626.0,672433.0
3037,2023,25689382.0,2182996.0,104967.0
3037,2024,29380912.0,-360388.0,-84305.0
3037,2025,34690886.0,1784802.0,812503.0
3044,2015,11212350.0,95940.0,0.0
3044,2016,11286082.0,256386.0,2284287.0
3044,2017,12596127.0,33678.0,-25.0
3044,2018,13112218.0,292032.0,32.0
3044,2019,13998445.0,305068.0,-45.0
3044,2020,15108939.0,315014.0,-72.0
3044,2021,16685846.0,183272.0,-14.0
3044,2022,14662592.0,371116.0,-59.0
3044,2023,14951409.0,373616.0,-97.0
3044,2024,17044752.0,301747.0,65.0
3044,2025,18978618.0,245856.0,110.0
3045,2015,30533881.0,-198329.0,99438.0
3045,2016,30558050.0,-344385.0,149151.0
3045,2017,31763448.0,-1121169.0,207168.0
3045,2018,31565928.0,-103432.0,233628.0
3045,2019,34107774.0,-347261.0,237707.0
3045,2020,38423689.0,-406331.0,352960.0
3045,2021,44986107.0,-182581.0,498362.0
3045,2022,50601189.0,-469049.0,570453.0
3045,2023,53599116.0,455801.0,658740.0
3045,2024,56151861.0,-496689.0,615892.0
3045,2025,56786409.0,-422615.0,560473.0
3189,2015,6294612.0,-2891.0,-99617.0
3189,2016,5687592.0,-12727.0,-62782.0
3189,2017,6292994.0,98456.0,-22926.0
3189,2018,6258865.0,36773.0,44987.0
3189,2019,6236197.0,-17980.0,63662.0
3189,2020,7548022.0,-146122.0,155707.0
3189,2021,9953739.0,-13738.0,171226.0
3189,2022,8614195.0,-142917.0,289378.0
3189,2023,7489463.0,100224.0,387642.0
3189,2024,8042993.0,105077.0,288263.0
3189,2025,10811438.0,134700.0,293758.0
3231,2015,174079810.0,-835747.0,-59544.0
3231,2016,210047251.0,190042.0,18847.0
3231,2017,261602688.0,379244.0,163299.0
3231,2018,255489114.0,-473753.0,559447.0
3231,2019,250211568.0,-86948.0,863225.0
3231,2020,232539402.0,481479.0,1291784.0
3231,2021,263452680.0,3212075.0,1299871.0
3231,2022,263854297.0,-2492967.0,1900510.0
3231,2023,230539572.0,-3412519.0,1035487.0
3231,2024,297181761.0,796488.0,4863808.0
3231,2025,720940833.0,-4204697.0,9869375.0
3324,2015,1321960.0,13959.0,281.0
3324,2016,1727943.0,59487.0,-23.0
3324,2017,1911443.0,-14434.0,370.0
3324,2018,2136478.0,45097.0,-411.0
3324,2019,2787236.0,-39463.0,1112.0
3324,2020,3622854.0,-94500.0,2640.0
3324,2021,4127380.0,4216.0,7811.0
3324,2022,3427773.0,-59874.0,-3667.0
3324,2023,3344357.0,-67242.0,-5010.0
3324,2024,4125150.0,221073.0,-4356.0
3324,2025,7597389.0,126252.0,60216.0
3443,2015,1991904.0,11765.0,0.0
3443,2016,2763902.0,10300.0,604510.0
3443,2017,3638986.0,-1176.0,0.0
3443,2018,3551979.0,30370.0,984846.0
3443,2019,3296931.0,-3177.0,1081289.0
3443,2020,3944254.0,-10699.0,1658040.0
3443,2021,4910035.0,6494.0,1615317.0
3443,2022,8082882.0,87881.0,2699919.0
3443,2023,6314796.0,11133.0,1799234.0
3443,2024,6022643.0,103796.0,1999492.0
3443,2025,12399649.0,99293.0,2361222.0
3481,2015,81463607.0,-3727621.0,0.0
3481,2016,89382367.0,-1134795.0,0.0
3481,2017,79132002.0,54980.0,11183410.0
3481,2018,72243365.0,501259.0,4467505.0
3481,2019,65577916.0,459592.0,127.0
3481,2020,78067857.0,133373.0,-1629.0
3481,2021,79916576.0,1466224.0,12414.0
3481,2022,47912896.0,837846.0,8500.0
3481,2023,53404223.0,230198.0,-3601.0
3481,2024,53684012.0,14051535.0,76300.0
3481,2025,56742277.0,55755.0,87782.0
3533,2015,2259749.0,60277.0,0.0
3533,2016,2441565.0,88698.0,-27887.0
3533,2017,2990038.0,-22969.0,19041.0
3533,2018,3608573.0,41102.0,35398.0
3533,2019,4071614.0,-80573.0,16584.0
3533,2020,4789777.0,-70869.0,36553.0
3533,2021,6055895.0,38832.0,31304.0
3533,2022,7032509.0,-206471.0,35057.0
3533,2023,6571160.0,-329741.0,141633.0
3533,2024,8300136.0,751718.0,8872.0
3533,2025,9259886.0,447399.0,68281.0
3653,2015,811085.0,14934.0,147567.0
3653,2016,866734.0,67381.0,193541.0
3653,2017,922429.0,-19681.0,196009.0
3653,2018,1221604.0,9768.0,326884.0
3653,2019,1526962.0,-56011.0,515000.0
3653,2020,1713037.0,-54084.0,11784.0
3653,2021,2455691.0,-31601.0,16866.0
3653,2022,3422565.0,-88580.0,-4185.0
3653,2023,3122719.0,-159935.0,-37096.0
3653,2024,4419700.0,104202.0,31744.0
3653,2025,5272368.0,168351.0,19611.0
3661,2015,894889.0,6569.0,278733.0
3661,2016,1019274.0,11289.0,192141.0
3661,2017,724992.0,5391.0,357568.0
3661,2018,794315.0,23863.0,104500.0
3661,2019,1439624.0,29347.0,468874.0
3661,2020,1916588.0,62684.0,600138.0
3661,2021,2485086.0,27028.0,844123.0
3661,2022,4582131.0,54823.0,-1121.0
3661,2023,9226676.0,165542.0,713.0
3661,2024,13071273.0,291726.0,4369.0
3661,2025,4727380.0,521613.0,3399.0
3665,2015,2318691.0,17255.0,608817.0
3665,2016,2510787.0,140944.0,812117.0
3665,2017,5115639.0,-7822.0,1148004.0
3665,2018,5728035.0,49736.0,2760.0
3665,2019,5853098.0,-165723.0,-10618.0
3665,2020,6266652.0,-77257.0,-1569.0
3665,2021,7998723.0,-24487.0,-3707.0
3665,2022,13600543.0,-207642.0,-2403.0
3665,2023,12195595.0,-117632.0,-1552.0
3665,2024,14411637.0,103633.0,376.0
3665,2025,19779964.0,-229734.0,-86.0
3702,2015,142600702.0,-468830.0,-10706.0
3702,2016,139367978.0,-443204.0,16948.0
3702,2017,138460505.0,-673753.0,6312.0
3702,2018,131820996.0,-602536.0,8266.0
3702,2019,145772581.0,-396903.0,8701.0
3702,2020,159043656.0,-27182.0,21483.0
3702,2021,199342164.0,63314.0,37660.0
3702,2022,176488443.0,-1469841.0,-7607.0
3702,2023,183090256.0,893727.0,11099.0
3702,2024,231606564.0,-1876531.0,77465.0
3702,2025,255356391.0,-1521222.0,224956.0
3706,2015,9837481.0,460680.0,0.0
3706,2016,14937045.0,1127726.0,0.0
3706,2017,11008764.0,609188.0,1352580.0
3706,2018,7204129.0,589262.0,1247618.0
3706,2019,10319493.0,767724.0,-17192.0
3706,2020,10026366.0,1038706.0,-709.0
3706,2021,9432115.0,571723.0,1190.0
3706,2022,12627676.0,315718.0,-291.0
3706,2023,7852477.0,139510.0,-155.0
3706,2024,23448399.0,609031.0,4704.0
3706,2025,30525826.0,589347.0,114529.0
3711,2018,114028355.0,-1338716.0,493825.0
3711,2019,116022521.0,-123399.0,146041.0
3711,2020,148877383.0,1358136.0,832752.0
3711,2021,172936186.0,17720464.0,944763.0
3711,2022,177417239.0,437991.0,736148.0
3711,2023,160581201.0,552593.0,-30924.0
3711,2024,162263561.0,301919.0,500550.0
3711,2025,177915237.0,569727.0,857132.0
4904,2015,25888645.0,-464776.0,7735.0
4904,2016,24139027.0,-364487.0,-8011.0
4904,2017,24788459.0,-204606.0,-18428.0
4904,2018,22289106.0,-173876.0,21973.0
4904,2019,21213914.0,-301258.0,10118.0
4904,2020,22807317.0,-237511.0,39177.0
4904,2021,24282590.0,-207891.0,36746.0
4904,2022,24368822.0,-143882.0,34224.0
4904,2023,26466395.0,-107964.0,35454.0
4904,2024,29167287.0,120047.0,6317.0
4904,2025,32684371.0,-32280.0,61005.0
4938,2015,411983973.0,-1282743.0,1232677.0
4938,2016,360484145.0,-32987.0,683808.0
4938,2017,377561000.0,849214.0,195423.0
4938,2018,465847855.0,1350846.0,447358.0
4938,2019,418012448.0,3542290.0,-178372.0
4938,2020,457375710.0,803530.0,1026326.0
4938,2021,452022038.0,3593387.0,1465608.0
4938,2022,357250049.0,1786438.0,995064.0
4938,2023,342169480.0,3443264.0,544835.0
4938,2024,327003835.0,3052874.0,650905.0
4938,2025,319527992.0,4421657.0,1361061.0
4958,2015,26856462.0,450639.0,5186233.0
4958,2016,29387032.0,602325.0,4372997.0
4958,2017,44556916.0,-54726.0,927741.0
4958,2018,39142015.0,-192898.0,1715672.0
4958,2019,41972542.0,-980894.0,1229989.0
4958,2020,55199125.0,-771086.0,2290645.0
4958,2021,56442315.0,-320825.0,2039390.0
4958,2022,52902226.0,-973314.0,1635261.0
4958,2023,54396328.0,-409428.0,426758.0
4958,2024,56133258.0,2206157.0,2326571.0
4958,2025,56870104.0,-248071.0,3909436.0
5269,2015,438719.0,-4264.0,222091.0
5269,2016,639030.0,14435.0,298945.0
5269,2017,648290.0,-10182.0,294916.0
5269,2018,1160969.0,16340.0,544017.0
5269,2019,1000632.0,-27091.0,499220.0
5269,2020,1999872.0,198825.0,1024622.0
5269,2021,1171815.0,439640.0,643072.0
5269,2022,1007849.0,180099.0,463730.0
5269,2023,1710892.0,140465.0,1066272.0
5269,2024,1899713.0,770904.0,1002782.0
5269,2025,3520314.0,860979.0,1804552.0
5274,2015,258293.0,-561.0,143194.0
5274,2016,374374.0,28529.0,221376.0
5274,2017,495363.0,-266.0,284648.0
5274,2018,484050.0,10338.0,299768.0
5274,2019,722958.0,-27740.0,452198.0
5274,2020,697323.0,-21167.0,449787.0
5274,2021,1031347.0,1177.0,682380.0
5274,2022,1326707.0,-48281.0,859687.0
5274,2023,984247.0,-49367.0,633213.0
5274,2024,2103713.0,153615.0,1376853.0
5274,2025,2443126.0,239497.0,1672352.0
5483,2015,6998915.0,-153698.0,84232.0
5483,2016,9775294.0,190112.0,-505121.0
5483,2017,16007336.0,-442031.0,1079997.0
5483,2018,17764772.0,34619.0,1987235.0
5483,2019,15242596.0,-167098.0,955430.0
5483,2020,15702607.0,966284.0,2219644.0
5483,2021,18084311.0,-1025925.0,819073.0
5483,2022,21205121.0,2427103.0,3311035.0
5483,2023,21142713.0,1090538.0,822244.0
5483,2024,19965785.0,-2630608.0,-770730.0
5483,2025,19482506.0,651017.0,2903133.0
5871,2015,9918999.0,89472.0,143263.0
5871,2016,10034577.0,76061.0,72983.0
5871,2017,11642001.0,50163.0,161756.0
5871,2018,13494057.0,85530.0,194213.0
5871,2019,16377895.0,156650.0,341785.0
5871,2020,15878038.0,377707.0,301523.0
5871,2021,19390551.0,111109.0,302208.0
5871,2022,23206655.0,772638.0,442531.0
5871,2023,25063627.0,451757.0,76151.0
5871,2024,25314948.0,472491.0,-21204.0
5871,2025,24148480.0,143916.0,805507.0
5871,2026,23998243.0,1049327.0,307459.0
5876,2015,,,3143596.0
5876,2016,,,2825891.0
5876,2017,,,-1088601.0
5876,2018,,,1028234.0
5876,2019,,,211890.0
5876,2020,,,-125093.0
5876,2021,,,46522.0
5876,2022,,,-39050.0
5876,2023,,,-2811801.0
5876,2024,,,2751708.0
5876,2025,,,3661805.0
5880,2015,9043286.0,,184935.0
5880,2016,10400089.0,,-318837.0
5880,2017,11969508.0,,145271.0
5880,2018,11898332.0,,-197898.0
5880,2019,12825778.0,,213283.0
5880,2020,13641905.0,,438433.0
5880,2021,12856528.0,,-86293.0
5880,2022,13970858.0,,327106.0
5880,2023,15337076.0,,386060.0
5880,2024,14981720.0,,-174702.0
5880,2025,19184869.0,,-19380.0
6139,2015,6136124.0,56937.0,-25822.0
6139,2016,5161095.0,-1512.0,-49573.0
6139,2017,5353098.0,27355.0,56380.0
6139,2018,4477495.0,59599.0,48387.0
6139,2019,5267378.0,19260.0,9989.0
6139,2020,4532412.0,70406.0,-20549.0
6139,2021,8503759.0,21436.0,45605.0
6139,2022,10968544.0,116311.0,57448.0
6139,2023,24086497.0,86430.0,120041.0
6139,2024,10718607.0,269795.0,259999.0
6139,2025,25861156.0,1221084.0,1283811.0
6239,2015,12093079.0,28830.0,233706.0
6239,2016,13650090.0,-136170.0,298929.0
6239,2017,16715930.0,-208518.0,298422.0
6239,2018,16639699.0,-235904.0,178845.0
6239,2019,19308009.0,-248397.0,-3328.0
6239,2020,19023144.0,-178841.0,368128.0
6239,2021,22423005.0,92017.0,673260.0
6239,2022,18402628.0,-162351.0,269748.0
6239,2023,19033852.0,2896981.0,397680.0
6239,2024,17097429.0,335348.0,317668.0
6239,2025,21407035.0,353992.0,433989.0
6415,2015,1354330.0,11375.0,0.0
6415,2016,2129956.0,7344.0,0.0
6415,2017,2301699.0,7762.0,1078427.0
6415,2018,2272330.0,-33717.0,1087680.0
6415,2019,3321920.0,-261591.0,1661442.0
6415,2020,4078379.0,261004.0,-13743.0
6415,2021,6154043.0,-402912.0,-12776.0
6415,2022,4698317.0,209256.0,-64421.0
6415,2023,4283604.0,125535.0,-20521.0
6415,2024,5108168.0,12914.0,-97791.0
6415,2025,5391605.0,102367.0,27845.0
6446,2015,6210.0,5572.0,0.0
6446,2016,1627.0,4218.0,0.0
6446,2017,1483.0,4482.0,0.0
6446,2018,23961.0,-659.0,0.0
6446,2019,199296.0,168.0,0.0
6446,2020,292245.0,-169491.0,141730.0
6446,2021,380004.0,65123.0,214719.0
6446,2022,841733.0,-37720.0,742227.0
6446,2023,1646855.0,-82621.0,1395345.0
6446,2024,3061534.0,310635.0,2705815.0
6446,2025,4881238.0,451257.0,4337563.0
6488,2015,3518753.0,25424.0,881130.0
6488,2016,6610719.0,254097.0,253.0
6488,2017,12447734.0,-223172.0,1089.0
6488,2018,15623944.0,166908.0,2280.0
6488,2019,13506164.0,26719.0,371.0
6488,2020,14136993.0,1023132.0,0.0
6488,2021,15752445.0,-1192254.0,0.0
6488,2022,18387772.0,2407436.0,7857464.0
6488,2023,16763269.0,1776574.0,-1297.0
6488,2024,16343334.0,-2787785.0,-3882.0
6488,2025,14502073.0,527978.0,-123.0
6505,2015,150296287.0,933781.0,26.0
6505,2016,152286512.0,1538335.0,1247.0
6505,2017,167246243.0,2927548.0,-17026.0
6505,2018,192026662.0,915121.0,12015.0
6505,2019,150770977.0,-175778.0,-123697.0
6505,2020,103869246.0,776825.0,-89108.0
6505,2021,180784668.0,579546.0,-28105.0
6505,2022,194146672.0,416788.0,-156423.0
6505,2023,175878253.0,617584.0,-234744.0
6505,2024,148820054.0,1619643.0,212568.0
6505,2025,143815065.0,1455164.0,145781.0
6515,2018,1686168.0,12317.0,685937.0
6515,2019,1496502.0,5148.0,640292.0
6515,2020,622337.0,-1185.0,270906.0
6515,2021,944477.0,5505.0,458738.0
6515,2022,1709161.0,-21332.0,833027.0
6515,2023,673009.0,-23928.0,287524.0
6515,2024,1539037.0,26971.0,734953.0
6515,2025,2233654.0,96851.0,931454.0
6669,2015,10803428.0,40927.0,1139083.0
6669,2016,31740540.0,-45929.0,1712360.0
6669,2017,54077695.0,-114660.0,2700059.0
6669,2018,46624287.0,-57622.0,2534512.0
6669,2019,49554379.0,-345888.0,3624853.0
6669,2020,52514008.0,-49617.0,4533312.0
6669,2021,56878957.0,-109840.0,4560927.0
6669,2022,87439399.0,-505471.0,7356739.0
6669,2023,58549705.0,-188279.0,6460210.0
6669,2024,115613620.0,651094.0,10873820.0
6669,2025,292440481.0,991739.0,21129466.0
6770,2019,35897121.0,-516106.0,0.0
6770,2020,23457186.0,-630801.0,5583469.0
6770,2021,19757801.0,-155683.0,9571575.0
6770,2022,14362212.0,-401834.0,5004370.0
6770,2023,11161466.0,-431150.0,341435.0
6770,2024,11131666.0,413118.0,-1237768.0
6770,2025,12495242.0,127067.0,794329.0
6789,2019,3395724.0,24680.0,1147342.0
6789,2020,3534612.0,-2391.0,1462631.0
6789,2021,2382157.0,-937.0,897409.0
6789,2022,1916435.0,5609.0,538097.0
6789,2023,1879873.0,6798.0,217495.0
6789,2024,2688548.0,27736.0,910221.0
6789,2025,2288804.0,35049.0,608915.0
6805,2018,691615.0,38486.0,180708.0
6805,2019,865259.0,18787.0,173790.0
6805,2020,1055106.0,-8648.0,322221.0
6805,2021,2385794.0,-66527.0,562571.0
6805,2022,2303299.0,19102.0,569489.0
6805,2023,1778346.0,-54179.0,435727.0
6805,2024,2769777.0,132230.0,531744.0
6805,2025,3976151.0,29846.0,1154910.0
7769,2023,9489437.0,120680.0,0.0
7769,2024,8541796.0,176746.0,4655899.0
7769,2025,9275589.0,565214.0,4852450.0
