date,stock_id,dividend_yield,PER,PBR
2015-01-05,1717,5.35,14.45,1.61
2015-01-06,1717,5.41,14.27,1.59
2015-01-07,1717,5.45,14.18,1.58
2015-01-08,1717,5.47,14.14,1.57
2015-01-09,1717,5.47,14.14,1.57
2015-01-12,1717,5.52,14.0,1.56
2015-01-13,1717,5.52,14.0,1.56
2015-01-14,1717,5.48,14.09,1.57
2015-01-15,1717,5.52,14.0,1.56
2015-01-16,1717,5.53,13.98,1.56
2015-01-19,1717,5.52,14.0,1.56
2015-01-20,1717,5.48,14.09,1.57
2015-01-21,1717,5.4,14.32,1.59
2015-01-22,1717,5.39,14.34,1.6
2015-01-23,1717,5.41,14.3,1.59
2015-01-26,1717,5.42,14.25,1.59
2015-01-27,1717,5.43,14.23,1.58
2015-01-28,1717,5.44,14.2,1.58
2015-01-29,1717,5.41,14.27,1.59
2015-01-30,1717,5.47,14.14,1.57
2015-02-02,1717,5.43,14.23,1.58
2015-02-03,1717,5.47,14.14,1.57
2015-02-04,1717,5.36,14.41,1.6
2015-02-05,1717,5.41,14.3,1.59
2015-02-06,1717,5.41,14.27,1.59
2015-02-09,1717,5.43,14.23,1.58
2015-02-10,1717,5.42,14.25,1.59
2015-02-11,1717,5.39,14.34,1.6
2015-02-12,1717,5.39,14.34,1.6
2015-02-13,1717,5.4,14.32,1.59
2015-02-19,1717,5.54,12.75,1.51
2015-02-24,1717,5.33,14.5,1.61
2015-02-25,1717,5.35,14.43,1.61
2015-02-26,1717,5.34,14.48,1.61
2015-03-02,1717,5.07,15.23,1.7
2015-03-03,1717,5.14,15.05,1.68
2015-03-04,1717,5.14,15.05,1.68
2015-03-05,1717,5.04,15.34,1.71
2015-03-06,1717,5.03,15.36,1.71
2015-03-09,1717,5.09,15.18,1.69
2015-03-10,1717,5.08,15.2,1.69
2015-03-11,1717,5.14,15.02,1.67
2015-03-12,1717,5.14,15.02,1.67
2015-03-13,1717,5.14,15.02,1.67
2015-03-16,1717,5.15,15.0,1.67
2015-03-17,1717,5.14,15.05,1.68
2015-03-18,1717,5.12,15.09,1.68
2015-03-19,1717,5.06,15.27,1.7
2015-03-20,1717,5.01,15.43,1.72
2015-03-23,1717,5.07,15.25,1.6
2015-03-24,1717,5.39,14.84,1.59
2015-03-25,1717,5.41,14.8,1.58
2015-03-26,1717,5.49,14.58,1.56
2015-03-27,1717,5.42,14.76,1.58
2015-03-30,1717,5.39,14.84,1.59
2015-03-31,1717,5.37,14.91,1.6
2015-04-01,1717,5.43,14.73,1.58
2015-04-02,1717,5.44,14.71,1.58
2015-04-07,1717,5.43,14.73,1.58
2015-04-08,1717,5.39,14.84,1.59
2015-04-09,1717,5.37,14.91,1.6
2015-04-10,1717,5.32,15.04,1.61
2015-04-13,1717,5.33,15.02,1.61
2015-04-14,1717,5.32,15.04,1.61
2015-04-15,1717,5.35,14.96,1.6
2015-04-16,1717,5.36,14.93,1.6
2015-04-17,1717,5.37,14.91,1.6
2015-04-20,1717,5.33,15.02,1.61
2015-04-21,1717,5.37,14.89,1.59
2015-04-22,1717,5.41,14.8,1.58
2015-04-23,1717,5.39,14.84,1.59
2015-04-24,1717,5.36,14.93,1.6
2015-04-27,1717,5.28,15.16,1.62
2015-04-28,1717,5.27,15.18,1.63
2015-04-29,1717,5.14,15.56,1.67
2015-04-30,1717,5.14,15.56,1.67
2015-05-04,1717,5.14,15.56,1.67
2015-05-05,1717,5.11,15.64,1.68
2015-05-06,1717,5.14,15.56,1.67
2015-05-07,1717,5.14,15.56,1.67
2015-05-08,1717,5.11,15.64,1.68
2015-05-11,1717,5.11,15.64,1.65
2015-05-12,1717,5.22,14.2,1.62
2015-05-13,1717,5.25,14.12,1.61
2015-05-14,1717,5.29,13.99,1.59
2015-05-15,1717,5.41,13.7,1.56
2015-05-18,1717,5.38,13.77,1.57
2015-05-19,1717,5.38,13.77,1.57
2015-05-20,1717,5.37,13.79,1.57
2015-05-21,1717,5.45,13.58,1.55
2015-05-22,1717,5.48,13.52,1.54
2015-05-25,1717,5.52,13.42,1.53
2015-05-26,1717,5.47,13.54,1.54
2015-05-27,1717,5.44,13.62,1.55
2015-05-28,1717,5.44,13.62,1.55
2015-05-29,1717,5.45,13.58,1.55
2015-06-01,1717,5.46,13.56,1.55
2015-06-02,1717,5.37,13.79,1.57
2015-06-03,1717,5.45,13.6,1.55
2015-06-04,1717,5.53,13.4,1.53
2015-06-05,1717,5.59,13.25,1.51
2015-06-08,1717,5.37,13.79,1.57
2015-06-09,1717,5.52,13.42,1.53
2015-06-10,1717,5.52,13.42,1.53
2015-06-11,1717,5.49,13.5,1.54
2015-06-12,1717,5.5,13.46,1.53
2015-06-15,1717,5.47,13.54,1.54
2015-06-16,1717,5.49,13.5,1.54
2015-06-17,1717,5.43,13.64,1.55
2015-06-18,1717,5.43,13.64,1.55
2015-06-22,1717,5.46,13.56,1.55
2015-06-23,1717,5.48,13.52,1.54
2015-06-24,1717,5.44,13.62,1.55
2015-06-25,1717,5.45,13.58,1.55
2015-06-26,1717,5.46,13.56,1.55
2015-06-29,1717,5.51,13.44,1.53
2015-06-30,1717,5.51,13.44,1.53
2015-07-01,1717,5.47,13.54,1.54
2015-07-02,1717,5.75,12.88,1.47
2015-07-03,1717,5.7,13.0,1.48
2015-07-06,1717,5.79,12.8,1.46
2015-07-07,1717,5.81,12.76,1.45
2015-07-08,1717,5.84,12.67,1.44
2015-07-09,1717,5.92,12.51,1.43
2015-07-13,1717,5.89,12.57,1.43
2015-07-14,1717,5.88,12.59,1.44
2015-07-15,1717,5.88,12.59,1.44
2015-07-16,1717,5.86,12.63,1.44
2015-07-17,1717,5.82,12.74,1.45
2015-07-20,1717,5.86,12.63,1.44
2015-07-21,1717,5.85,12.65,1.44
2015-07-22,1717,5.88,12.59,1.44
2015-07-23,1717,5.87,12.61,1.44
2015-07-24,1717,5.86,12.63,1.44
2015-07-27,1717,5.84,12.67,1.44
2015-07-28,1717,5.87,12.61,1.44
2015-07-29,1717,5.82,12.74,1.45
2015-07-30,1717,5.82,12.74,1.45
2015-07-31,1717,5.84,12.67,1.44
2015-08-03,1717,5.93,12.49,1.42
2015-08-04,1717,5.89,12.57,1.43
2015-08-05,1717,5.81,12.76,1.45
2015-08-06,1717,5.83,12.7,1.45
2015-08-07,1717,5.8,12.78,1.57
2015-08-10,1717,5.75,12.72,1.58
2015-08-11,1717,5.83,12.54,1.56
2015-08-12,1717,5.83,12.56,1.56
2015-08-13,1717,5.79,12.64,1.57
2015-08-14,1717,5.84,12.52,1.56
2015-08-17,1717,5.84,12.52,1.56
2015-08-18,1717,5.87,12.46,1.55
2015-08-19,1717,6.05,12.09,1.5
2015-08-20,1717,6.0,12.2,1.52
2015-08-21,1717,6.21,11.79,1.47
2015-08-24,1717,6.47,11.3,1.4
2015-08-25,1717,6.41,11.42,1.42
2015-08-26,1717,6.25,11.71,1.46
2015-08-27,1717,6.21,11.79,1.47
2015-08-28,1717,6.14,11.91,1.48
2015-08-31,1717,6.19,11.83,1.47
2015-09-01,1717,6.24,11.73,1.46
2015-09-02,1717,6.32,11.59,1.44
2015-09-03,1717,6.3,11.61,1.44
2015-09-04,1717,6.38,11.46,1.42
2015-09-07,1717,6.41,11.42,1.42
2015-09-08,1717,6.43,11.38,1.41
2015-09-09,1717,6.27,11.67,1.45
2015-09-10,1717,6.27,11.67,1.45
2015-09-11,1717,6.27,11.67,1.45
2015-09-14,1717,6.33,11.57,1.44
2015-09-15,1717,6.29,11.63,1.45
2015-09-16,1717,6.33,11.57,1.44
2015-09-17,1717,6.27,11.67,1.45
2015-09-18,1717,6.28,11.65,1.45
2015-09-21,1717,6.33,11.57,1.44
2015-09-22,1717,6.35,11.52,1.43
2015-09-23,1717,6.43,11.38,1.41
2015-09-24,1717,6.41,11.42,1.42
2015-09-25,1717,6.29,11.63,1.45
2015-09-30,1717,6.21,11.79,1.47
2015-10-01,1717,6.19,11.83,1.47
2015-10-02,1717,6.21,11.79,1.47
2015-10-05,1717,6.13,11.93,1.48
2015-10-06,1717,6.14,11.91,1.48
2015-10-07,1717,6.08,12.03,1.5
2015-10-08,1717,6.08,12.03,1.5
2015-10-12,1717,6.05,12.09,1.5
2015-10-13,1717,6.11,11.97,1.49
2015-10-14,1717,6.09,12.01,1.49
2015-10-15,1717,6.05,12.09,1.5
2015-10-16,1717,5.92,12.36,1.54
2015-10-19,1717,5.95,12.3,1.53
2015-10-20,1717,5.74,12.74,1.58
2015-10-21,1717,5.84,12.52,1.56
2015-10-22,1717,5.83,12.54,1.56
2015-10-23,1717,5.79,12.64,1.57
2015-10-26,1717,5.75,12.72,1.58
2015-10-27,1717,5.75,12.72,1.58
2015-10-28,1717,5.77,12.68,1.58
2015-10-29,1717,5.82,12.58,1.56
2015-10-30,1717,5.84,12.52,1.56
2015-11-02,1717,5.79,12.64,1.57
2015-11-03,1717,5.72,12.78,1.59
2015-11-04,1717,5.69,12.87,1.6
2015-11-05,1717,5.73,12.76,1.59
2015-11-06,1717,5.77,12.68,1.58
2015-11-09,1717,5.84,12.08,1.44
2015-11-10,1717,5.94,11.88,1.41
2015-11-11,1717,5.91,11.94,1.42
2015-11-12,1717,5.88,12.0,1.43
2015-11-13,1717,5.9,11.96,1.42
2015-11-16,1717,5.9,11.96,1.42
2015-11-17,1717,5.84,12.08,1.44
2015-11-18,1717,5.83,12.1,1.44
2015-11-19,1717,5.83,12.12,1.44
2015-11-20,1717,5.81,12.16,1.44
2015-11-23,1717,5.75,12.27,1.46
2015-11-24,1717,5.83,12.1,1.44
2015-11-25,1717,5.83,12.1,1.44
2015-11-26,1717,5.71,12.37,1.47
2015-11-27,1717,5.78,12.22,1.45
2015-11-30,1717,5.8,12.18,1.45
2015-12-01,1717,5.77,12.24,1.45
2015-12-02,1717,5.81,12.16,1.44
2015-12-03,1717,5.81,12.16,1.44
2015-12-04,1717,5.87,12.02,1.43
2015-12-07,1717,5.85,12.06,1.43
2015-12-08,1717,5.82,12.14,1.44
2015-12-09,1717,5.88,12.0,1.43
2015-12-10,1717,5.89,11.98,1.42
2015-12-11,1717,5.92,11.92,1.42
2015-12-14,1717,5.98,11.8,1.4
2015-12-15,1717,5.96,11.84,1.41
2015-12-16,1717,5.85,12.06,1.43
2015-12-17,1717,5.83,12.1,1.44
2015-12-18,1717,5.54,12.75,1.51
2015-12-21,1717,5.64,12.51,1.49
2015-12-22,1717,5.6,12.61,1.5
2015-12-23,1717,5.64,12.51,1.49
2015-12-24,1717,5.68,12.43,1.48
2015-12-25,1717,5.64,12.51,1.49
2015-12-28,1717,5.64,12.51,1.49
2015-12-29,1717,5.64,12.51,1.49
2015-12-30,1717,5.68,12.43,1.48
2015-12-31,1717,5.69,12.41,1.47
2016-01-04,1717,5.77,12.24,1.45
2016-01-05,1717,5.73,12.31,1.46
2016-01-06,1717,5.71,12.35,1.47
2016-01-07,1717,5.81,12.16,1.44
2016-01-08,1717,5.78,12.22,1.45
2016-01-11,1717,5.79,12.2,1.45
2016-01-12,1717,5.81,12.16,1.44
2016-01-13,1717,5.79,12.2,1.45
2016-01-14,1717,5.78,12.22,1.45
2016-01-15,1717,5.84,12.08,1.44
2016-01-18,1717,5.77,12.24,1.45
2016-01-19,1717,5.79,12.2,1.45
2016-01-20,1717,5.83,12.1,1.44
2016-01-21,1717,5.82,12.14,1.44
2016-01-22,1717,5.77,12.24,1.45
2016-01-25,1717,5.71,12.35,1.47
2016-01-26,1717,5.75,12.27,1.46
2016-01-27,1717,5.73,12.31,1.46
2016-01-28,1717,5.68,12.43,1.48
2016-01-29,1717,5.57,12.67,1.51
2016-01-30,1717,5.59,12.63,1.5
2016-02-01,1717,5.57,12.67,1.51
2016-02-02,1717,5.66,12.47,1.48
2016-02-03,1717,5.67,12.45,1.48
2016-02-15,1717,5.7,12.39,1.47
2016-02-16,1717,5.66,12.47,1.48
2016-02-17,1717,5.61,12.59,1.5
2016-02-18,1717,5.61,12.59,1.5
2016-02-19,1717,5.57,12.67,1.51
2016-02-22,1717,5.63,12.55,1.49
2016-02-23,1717,5.63,12.55,1.49
2016-02-24,1717,5.59,12.63,1.5
2016-02-25,1717,5.52,12.78,1.52
2016-02-26,1717,5.5,12.82,1.52
2016-03-01,1717,5.5,12.84,1.53
2016-03-02,1717,5.47,12.9,1.53
2016-03-03,1717,5.47,12.9,1.53
2016-03-04,1717,5.45,12.94,1.54
2016-03-07,1717,5.4,13.08,1.55
2016-03-08,1717,5.45,12.96,1.54
2016-03-09,1717,5.41,13.04,1.55
2016-03-10,1717,5.46,12.92,1.54
2016-03-11,1717,5.47,12.9,1.53
2016-03-14,1717,5.44,12.98,1.54
2016-03-15,1717,5.54,12.75,1.51
2016-03-16,1717,5.52,12.78,1.52
2016-03-17,1717,5.57,12.67,1.51
2016-03-18,1717,5.57,12.67,1.51
2016-03-21,1717,5.54,12.75,1.51
2016-03-22,1717,5.55,12.73,1.51
2016-03-23,1717,5.59,12.63,1.5
2016-03-24,1717,5.63,12.55,1.49
2016-03-25,1717,5.62,11.41,1.5
2016-03-28,1717,6.97,11.74,1.54
2016-03-29,1717,7.01,11.67,1.53
2016-03-30,1717,6.99,11.71,1.54
2016-03-31,1717,7.0,11.69,1.54
2016-04-01,1717,6.98,11.73,1.54
2016-04-06,1717,6.97,11.74,1.54
2016-04-07,1717,6.92,11.83,1.55
2016-04-08,1717,6.96,11.76,1.55
2016-04-11,1717,6.98,11.73,1.54
2016-04-12,1717,6.97,11.74,1.54
2016-04-13,1717,6.98,11.73,1.54
2016-04-14,1717,6.95,11.78,1.55
2016-04-15,1717,6.98,11.73,1.54
2016-04-18,1717,6.97,11.74,1.54
2016-04-19,1717,6.93,11.81,1.55
2016-04-20,1717,6.92,11.83,1.55
2016-04-21,1717,6.94,11.8,1.55
2016-04-22,1717,7.1,11.53,1.51
2016-04-25,1717,7.06,11.6,1.52
2016-04-26,1717,7.14,11.46,1.51
2016-04-27,1717,7.17,11.42,1.5
2016-04-28,1717,7.12,11.49,1.51
2016-04-29,1717,7.13,11.48,1.51
2016-05-03,1717,7.19,11.39,1.5
2016-05-04,1717,7.17,11.42,1.5
2016-05-05,1717,7.17,11.42,1.5
2016-05-06,1717,7.17,11.34,1.47
2016-05-09,1717,7.19,11.31,1.46
2016-05-10,1717,7.14,11.38,1.47
2016-05-11,1717,7.14,11.38,1.47
2016-05-12,1717,7.14,11.38,1.47
2016-05-13,1717,7.15,11.36,1.47
2016-05-16,1717,7.19,11.31,1.46
2016-05-17,1717,7.18,11.33,1.47
2016-05-18,1717,7.12,11.41,1.48
2016-05-19,1717,7.13,11.4,1.47
2016-05-20,1717,7.12,11.41,1.48
2016-05-23,1717,7.12,11.41,1.48
2016-05-24,1717,7.1,11.45,1.48
2016-05-25,1717,7.06,11.52,1.49
2016-05-26,1717,7.1,11.45,1.48
2016-05-27,1717,7.08,11.48,1.49
2016-05-30,1717,7.07,11.5,1.49
2016-05-31,1717,7.03,11.55,1.5
2016-06-01,1717,7.04,11.54,1.49
2016-06-02,1717,7.02,11.57,1.5
2016-06-03,1717,6.97,11.66,1.51
2016-06-04,1717,6.97,11.66,1.51
2016-06-06,1717,6.97,11.66,1.51
2016-06-07,1717,6.97,11.66,1.51
2016-06-08,1717,6.97,11.66,1.51
2016-06-13,1717,6.97,11.66,1.51
2016-06-14,1717,6.97,11.66,1.51
2016-06-15,1717,6.97,11.66,1.51
2016-06-16,1717,6.97,11.66,1.51
2016-06-17,1717,6.97,11.66,1.51
2016-06-20,1717,6.94,11.71,1.52
2016-06-21,1717,6.89,11.8,1.53
2016-06-22,1717,6.9,11.78,1.52
2016-06-23,1717,6.92,11.75,1.52
2016-06-24,1717,6.95,11.7,1.51
2016-06-27,1717,6.96,11.68,1.51
2016-06-28,1717,6.95,11.7,1.51
2016-06-29,1717,6.96,11.68,1.51
2016-06-30,1717,6.91,11.77,1.52
2016-07-01,1717,6.76,12.01,1.55
2016-07-04,1717,6.62,12.28,1.59
2016-07-05,1717,6.53,12.44,1.61
2016-07-06,1717,6.52,12.47,1.61
2016-07-07,1717,6.52,12.46,1.61
2016-07-11,1717,6.49,12.53,1.62
2016-07-12,1717,6.52,12.47,1.61
2016-07-13,1717,6.51,12.49,1.62
2016-07-14,1717,6.49,12.53,1.62
2016-07-15,1717,6.51,12.49,1.62
2016-07-18,1717,6.51,12.49,1.62
2016-07-19,1717,6.53,12.44,1.61
2016-07-20,1717,6.54,12.42,1.61
2016-07-21,1717,6.9,11.78,1.52
2016-07-22,1717,6.91,11.77,1.52
2016-07-25,1717,6.89,11.8,1.53
2016-07-26,1717,6.71,12.12,1.57
2016-07-27,1717,6.73,12.08,1.56
2016-07-28,1717,6.85,11.87,1.54
2016-07-29,1717,6.92,11.75,1.52
2016-08-01,1717,6.96,11.68,1.51
2016-08-02,1717,6.77,12.0,1.55
2016-08-03,1717,6.82,11.91,1.54
2016-08-04,1717,6.86,11.86,1.53
2016-08-05,1717,6.74,12.05,1.56
2016-08-08,1717,6.8,11.08,1.65
2016-08-09,1717,6.8,11.08,1.65
2016-08-10,1717,6.89,10.95,1.63
2016-08-11,1717,6.9,10.93,1.63
2016-08-12,1717,6.84,11.03,1.64
2016-08-15,1717,6.8,11.08,1.65
2016-08-16,1717,6.74,11.18,1.66
2016-08-17,1717,6.76,11.15,1.66
2016-08-18,1717,6.58,11.46,1.7
2016-08-19,1717,6.65,11.34,1.69
2016-08-22,1717,6.65,11.34,1.69
2016-08-23,1717,6.69,11.28,1.68
2016-08-24,1717,6.69,11.28,1.68
2016-08-25,1717,6.61,11.41,1.7
2016-08-26,1717,6.61,11.41,1.7
2016-08-29,1717,6.59,11.44,1.7
2016-08-30,1717,6.66,11.33,1.69
2016-08-31,1717,6.69,11.28,1.68
2016-09-01,1717,6.69,11.28,1.68
2016-09-02,1717,6.72,11.23,1.67
2016-09-05,1717,6.64,11.36,1.69
2016-09-06,1717,6.63,11.38,1.69
2016-09-07,1717,6.61,11.41,1.7
2016-09-08,1717,6.61,11.41,1.7
2016-09-09,1717,6.63,11.38,1.69
2016-09-10,1717,6.68,11.3,1.68
2016-09-12,1717,6.73,11.21,1.67
2016-09-13,1717,6.77,11.13,1.66
2016-09-14,1717,6.55,11.51,1.71
2016-09-19,1717,6.63,11.38,1.69
2016-09-20,1717,6.69,11.28,1.68
2016-09-21,1717,6.63,11.38,1.69
2016-09-22,1717,6.67,11.31,1.68
2016-09-23,1717,6.69,11.28,1.68
2016-09-26,1717,6.7,11.26,1.68
2016-09-29,1717,6.73,11.2,1.67
2016-09-30,1717,6.81,11.07,1.65
2016-10-03,1717,6.88,10.97,1.63
2016-10-04,1717,6.78,11.11,1.65
2016-10-05,1717,6.81,11.07,1.65
2016-10-06,1717,6.86,11.0,1.64
2016-10-07,1717,6.79,11.1,1.65
2016-10-11,1717,6.87,10.98,1.63
2016-10-12,1717,6.84,11.03,1.64
2016-10-13,1717,6.77,11.13,1.66
2016-10-14,1717,6.9,10.93,1.63
2016-10-17,1717,6.9,10.93,1.63
2016-10-18,1717,6.87,10.98,1.63
2016-10-19,1717,6.88,10.97,1.63
2016-10-20,1717,6.9,10.93,1.63
2016-10-21,1717,6.87,10.98,1.63
2016-10-24,1717,6.88,10.97,1.63
2016-10-25,1717,6.87,10.98,1.63
2016-10-26,1717,6.88,10.97,1.63
2016-10-27,1717,6.82,11.05,1.64
2016-10-28,1717,6.85,11.02,1.64
2016-10-31,1717,6.91,10.92,1.62
2016-11-01,1717,6.92,10.9,1.62
2016-11-02,1717,6.93,10.89,1.62
2016-11-03,1717,6.94,10.87,1.62
2016-11-04,1717,6.94,10.87,1.62
2016-11-07,1717,6.93,10.89,1.62
2016-11-08,1717,6.92,10.9,1.62
2016-11-09,1717,6.92,10.9,1.62
2016-11-10,1717,6.88,10.97,1.63
2016-11-11,1717,6.94,11.97,1.75
2016-11-14,1717,6.95,11.95,1.75
2016-11-15,1717,7.0,11.86,1.74
2016-11-16,1717,6.98,11.9,1.74
2016-11-17,1717,7.01,11.84,1.74
2016-11-18,1717,7.04,11.79,1.73
2016-11-21,1717,7.06,11.77,1.72
2016-11-22,1717,7.06,11.77,1.72
2016-11-23,1717,7.0,11.86,1.74
2016-11-24,1717,7.01,11.84,1.74
2016-11-25,1717,7.06,11.77,1.72
2016-11-28,1717,7.03,11.81,1.73
2016-11-29,1717,6.99,11.88,1.74
2016-11-30,1717,6.95,11.95,1.75
2016-12-01,1717,7.0,11.86,1.74
2016-12-02,1717,7.02,11.82,1.73
2016-12-05,1717,7.04,11.79,1.73
2016-12-06,1717,7.01,11.84,1.74
2016-12-07,1717,7.03,11.81,1.73
2016-12-08,1717,6.97,11.91,1.75
2016-12-09,1717,6.99,11.88,1.74
2016-12-12,1717,6.91,12.02,1.76
2016-12-13,1717,6.92,12.0,1.76
2016-12-14,1717,6.99,11.88,1.74
2016-12-15,1717,6.91,12.02,1.76
2016-12-16,1717,6.98,11.9,1.74
2016-12-19,1717,6.98,11.9,1.74
2016-12-20,1717,6.9,12.04,1.76
2016-12-21,1717,6.96,11.93,1.75
2016-12-22,1717,6.96,11.93,1.75
2016-12-23,1717,6.99,11.88,1.74
2016-12-26,1717,7.02,11.82,1.73
2016-12-27,1717,7.02,11.82,1.73
2016-12-28,1717,7.03,11.81,1.73
2016-12-29,1717,6.99,11.88,1.74
2016-12-30,1717,6.98,11.9,1.74
2017-01-03,1717,6.93,11.99,1.76
2017-01-04,1717,6.92,12.0,1.76
2017-01-05,1717,6.87,12.09,1.77
2017-01-06,1717,6.87,12.09,1.77
2017-01-09,1717,6.85,12.13,1.78
2017-01-10,1717,6.89,12.06,1.77
2017-01-11,1717,6.92,12.0,1.76
2017-01-12,1717,6.91,12.02,1.76
2017-01-13,1717,6.92,12.0,1.76
2017-01-16,1717,6.97,11.91,1.75
2017-01-17,1717,6.97,11.91,1.75
2017-01-18,1717,6.93,11.99,1.76
2017-01-19,1717,6.89,12.06,1.77
2017-01-20,1717,6.82,12.17,1.78
2017-01-23,1717,6.81,12.18,1.79
2017-01-24,1717,6.77,12.26,1.8
2017-02-02,1717,6.77,12.26,1.8
2017-02-03,1717,6.87,12.09,1.77
2017-02-06,1717,6.8,12.2,1.79
2017-02-07,1717,6.81,12.18,1.79
2017-02-08,1717,6.67,12.45,1.83
2017-02-09,1717,6.75,12.29,1.8
2017-02-10,1717,6.73,12.35,1.81
2017-02-13,1717,6.73,12.35,1.81
2017-02-14,1717,6.67,12.45,1.83
2017-02-15,1717,6.64,12.51,1.83
2017-02-16,1717,6.72,12.36,1.81
2017-02-17,1717,6.68,12.44,1.82
2017-02-18,1717,6.72,12.36,1.81
2017-02-20,1717,6.79,12.22,1.79
2017-02-21,1717,6.8,12.2,1.79
2017-02-22,1717,6.78,12.24,1.79
2017-02-23,1717,6.78,12.24,1.79
2017-02-24,1717,6.85,12.13,1.78
2017-03-01,1717,6.9,12.04,1.76
2017-03-02,1717,6.95,11.95,1.75
2017-03-03,1717,6.99,11.88,1.74
2017-03-06,1717,6.97,11.91,1.75
2017-03-07,1717,6.95,11.95,1.75
2017-03-08,1717,6.94,11.97,1.75
2017-03-09,1717,6.97,11.91,1.75
2017-03-10,1717,6.97,11.91,1.75
2017-03-13,1717,6.97,11.91,1.75
2017-03-14,1717,6.95,11.95,1.75
2017-03-15,1717,6.96,11.93,1.75
2017-03-16,1717,6.92,12.0,1.76
2017-03-17,1717,6.78,14.24,1.81
2017-03-20,1717,5.97,14.08,1.79
2017-03-21,1717,6.0,14.01,1.78
2017-03-22,1717,5.98,14.05,1.78
2017-03-23,1717,5.95,14.12,1.79
2017-03-24,1717,6.02,13.97,1.77
2017-03-27,1717,6.08,13.82,1.76
2017-03-28,1717,6.07,13.84,1.76
2017-03-29,1717,6.07,13.84,1.76
2017-03-30,1717,6.1,13.78,1.75
2017-03-31,1717,6.06,13.87,1.76
2017-04-05,1717,6.05,13.89,1.76
2017-04-06,1717,6.08,13.82,1.76
2017-04-07,1717,6.08,13.82,1.76
2017-04-10,1717,6.1,13.78,1.75
2017-04-11,1717,6.12,13.74,1.74
2017-04-12,1717,6.11,13.76,1.75
2017-04-13,1717,6.12,13.74,1.74
2017-04-14,1717,6.14,13.68,1.74
2017-04-17,1717,6.21,13.53,1.72
2017-04-18,1717,6.23,13.49,1.71
2017-04-19,1717,6.3,13.34,1.69
2017-04-20,1717,6.31,13.32,1.69
2017-04-21,1717,6.3,13.34,1.69
2017-04-24,1717,6.26,13.42,1.7
2017-04-25,1717,6.15,13.66,1.73
2017-04-26,1717,6.19,13.57,1.72
2017-04-27,1717,6.15,13.66,1.73
2017-04-28,1717,6.19,13.57,1.72
2017-05-02,1717,6.09,13.8,1.75
2017-05-03,1717,6.08,13.82,1.76
2017-05-04,1717,6.1,13.78,1.75
2017-05-05,1717,6.19,13.57,1.72
2017-05-08,1717,6.2,13.55,1.72
2017-05-09,1717,6.22,13.51,1.72
2017-05-10,1717,6.22,13.51,1.72
2017-05-11,1717,6.19,13.57,1.72
2017-05-12,1717,6.19,13.92,1.78
2017-05-15,1717,6.14,14.03,1.79
2017-05-16,1717,6.14,14.03,1.79
2017-05-17,1717,6.15,14.01,1.79
2017-05-18,1717,6.19,13.92,1.78
2017-05-19,1717,6.18,13.94,1.78
2017-05-22,1717,6.18,13.94,1.78
2017-05-23,1717,6.13,14.07,1.8
2017-05-24,1717,6.13,14.05,1.8
2017-05-25,1717,6.13,14.05,1.8
2017-05-26,1717,6.11,14.12,1.8
2017-05-31,1717,6.16,13.99,1.79
2017-06-01,1717,6.12,14.09,1.8
2017-06-02,1717,6.13,14.07,1.8
2017-06-03,1717,6.11,14.12,1.8
2017-06-05,1717,6.1,14.14,1.81
2017-06-06,1717,6.13,14.07,1.8
2017-06-07,1717,6.11,14.12,1.8
2017-06-08,1717,6.1,14.14,1.81
2017-06-09,1717,6.12,14.09,1.8
2017-06-12,1717,6.13,14.07,1.8
2017-06-13,1717,6.13,14.07,1.8
2017-06-14,1717,6.12,14.09,1.8
2017-06-15,1717,6.12,14.09,1.8
2017-06-16,1717,6.13,14.05,1.8
2017-06-19,1717,6.09,14.16,1.81
2017-06-20,1717,6.06,14.22,1.82
2017-06-21,1717,6.04,14.27,1.82
2017-06-22,1717,6.01,14.35,1.83
2017-06-23,1717,5.99,14.4,1.84
2017-06-26,1717,5.94,14.5,1.85
2017-06-27,1717,5.87,14.68,1.88
2017-06-28,1717,5.88,14.66,1.87
2017-06-29,1717,5.87,14.7,1.88
2017-06-30,1717,5.87,14.7,1.88
2017-07-03,1717,5.83,14.78,1.89
2017-07-04,1717,5.82,14.81,1.89
2017-07-05,1717,5.83,14.78,1.89
2017-07-06,1717,5.87,14.68,1.88
2017-07-07,1717,5.93,14.53,1.86
2017-07-10,1717,5.99,14.4,1.84
2017-07-11,1717,5.92,14.57,1.86
2017-07-12,1717,5.95,14.48,1.85
2017-07-13,1717,5.92,14.57,1.86
2017-07-14,1717,5.9,14.61,1.87
2017-07-17,1717,5.89,14.63,1.87
2017-07-18,1717,5.9,14.61,1.87
2017-07-19,1717,5.9,14.61,1.87
2017-07-20,1717,5.92,14.57,1.86
2017-07-21,1717,5.92,14.57,1.86
2017-07-24,1717,5.92,14.57,1.86
2017-07-25,1717,5.91,14.59,1.86
2017-07-26,1717,5.91,14.59,1.86
2017-07-27,1717,5.9,14.61,1.87
2017-07-28,1717,5.9,14.61,1.87
2017-07-31,1717,5.88,14.66,1.87
2017-08-01,1717,5.87,14.68,1.88
2017-08-02,1717,5.85,14.74,1.88
2017-08-03,1717,6.26,13.77,1.76
2017-08-04,1717,6.26,13.77,1.76
2017-08-07,1717,6.3,13.69,1.75
2017-08-08,1717,6.3,13.69,1.75
2017-08-09,1717,6.36,13.56,1.73
2017-08-10,1717,6.45,13.36,1.71
2017-08-11,1717,6.46,17.29,1.78
2017-08-14,1717,6.59,16.96,1.75
2017-08-15,1717,6.55,17.07,1.76
2017-08-16,1717,6.61,16.9,1.74
2017-08-17,1717,6.59,16.96,1.75
2017-08-18,1717,6.58,16.98,1.75
2017-08-21,1717,6.61,16.9,1.74
2017-08-22,1717,6.57,17.01,1.76
2017-08-23,1717,6.56,17.04,1.76
2017-08-24,1717,6.53,17.12,1.77
2017-08-25,1717,6.53,17.12,1.77
2017-08-28,1717,6.49,17.21,1.78
2017-08-29,1717,6.49,17.21,1.78
2017-08-30,1717,6.45,17.32,1.79
2017-08-31,1717,6.27,17.82,1.84
2017-09-01,1717,6.35,17.6,1.82
2017-09-04,1717,6.37,17.54,1.81
2017-09-05,1717,6.39,17.49,1.8
2017-09-06,1717,6.42,17.4,1.8
2017-09-07,1717,6.42,17.4,1.8
2017-09-08,1717,6.42,17.4,1.8
2017-09-11,1717,6.45,17.32,1.79
2017-09-12,1717,6.41,17.43,1.8
2017-09-13,1717,6.46,17.29,1.78
2017-09-14,1717,6.46,17.29,1.78
2017-09-15,1717,6.39,17.49,1.8
2017-09-18,1717,6.44,17.35,1.79
2017-09-19,1717,6.45,17.32,1.79
2017-09-20,1717,6.5,17.18,1.77
2017-09-21,1717,6.53,17.12,1.77
2017-09-22,1717,6.54,17.09,1.76
2017-09-25,1717,6.61,16.9,1.74
2017-09-26,1717,6.64,16.82,1.73
2017-09-27,1717,6.63,16.84,1.74
2017-09-28,1717,6.63,16.84,1.74
2017-09-29,1717,6.48,17.23,1.78
2017-09-30,1717,6.56,17.04,1.76
2017-10-02,1717,6.56,17.04,1.76
2017-10-03,1717,6.56,17.04,1.76
2017-10-05,1717,6.56,17.04,1.76
2017-10-06,1717,6.58,16.98,1.75
2017-10-11,1717,6.49,17.21,1.78
2017-10-12,1717,6.51,17.15,1.77
2017-10-13,1717,6.47,17.26,1.78
2017-10-16,1717,6.45,17.32,1.79
2017-10-17,1717,6.49,17.21,1.78
2017-10-18,1717,6.51,17.15,1.77
2017-10-19,1717,6.51,17.15,1.77
2017-10-20,1717,6.63,16.84,1.74
2017-10-23,1717,6.57,17.01,1.76
2017-10-24,1717,6.56,17.04,1.76
2017-10-25,1717,6.5,17.18,1.77
2017-10-26,1717,6.5,17.18,1.77
2017-10-27,1717,6.55,17.07,1.76
2017-10-30,1717,6.54,17.09,1.76
2017-10-31,1717,6.57,17.01,1.76
2017-11-01,1717,6.54,17.09,1.76
2017-11-02,1717,6.49,17.21,1.78
2017-11-03,1717,6.49,17.21,1.78
2017-11-06,1717,6.49,17.21,1.78
2017-11-07,1717,6.45,17.32,1.79
2017-11-08,1717,6.47,17.26,1.78
2017-11-09,1717,6.51,17.15,1.77
2017-11-10,1717,6.5,17.18,1.77
2017-11-13,1717,6.5,21.06,1.79
2017-11-14,1717,6.53,20.99,1.78
2017-11-15,1717,6.54,20.96,1.78
2017-11-16,1717,6.57,20.86,1.77
2017-11-17,1717,6.56,20.89,1.77
2017-11-20,1717,6.56,20.89,1.77
2017-11-21,1717,6.54,20.96,1.78
2017-11-22,1717,6.48,21.13,1.79
2017-11-23,1717,6.43,21.3,1.81
2017-11-24,1717,6.45,21.23,1.8
2017-11-27,1717,6.47,21.16,1.8
2017-11-28,1717,6.47,21.16,1.8
2017-11-29,1717,6.45,21.23,1.8
2017-11-30,1717,6.4,21.4,1.82
2017-12-01,1717,6.49,21.1,1.79
2017-12-04,1717,6.49,21.1,1.79
2017-12-05,1717,6.51,21.03,1.78
2017-12-06,1717,6.56,20.89,1.77
2017-12-07,1717,6.56,20.89,1.77
2017-12-08,1717,6.55,20.92,1.78
2017-12-11,1717,6.51,21.03,1.78
2017-12-12,1717,6.5,21.06,1.79
2017-12-13,1717,6.49,21.1,1.79
2017-12-14,1717,6.56,20.89,1.77
2017-12-15,1717,6.46,21.2,1.8
2017-12-18,1717,6.5,21.06,1.79
2017-12-19,1717,6.55,20.92,1.78
2017-12-20,1717,6.51,21.03,1.78
2017-12-21,1717,6.51,21.03,1.78
2017-12-22,1717,6.53,20.99,1.78
2017-12-25,1717,6.5,21.06,1.79
2017-12-26,1717,6.53,20.99,1.78
2017-12-27,1717,6.51,21.03,1.78
2017-12-28,1717,6.51,21.03,1.78
2017-12-29,1717,6.49,21.1,1.79
2018-01-02,1717,6.48,21.13,1.79
2018-01-03,1717,6.47,21.16,1.8
2018-01-04,1717,6.43,21.3,1.81
2018-01-05,1717,6.43,21.3,1.81
2018-01-08,1717,6.42,21.34,1.81
2018-01-09,1717,6.4,21.4,1.82
2018-01-10,1717,6.4,21.4,1.82
2018-01-11,1717,6.42,21.34,1.81
2018-01-12,1717,6.42,21.34,1.81
2018-01-15,1717,6.44,21.27,1.81
2018-01-16,1717,6.44,21.27,1.81
2018-01-17,1717,6.35,21.58,1.83
2018-01-18,1717,6.35,21.58,1.83
2018-01-19,1717,6.35,21.58,1.83
2018-01-22,1717,6.37,21.51,1.83
2018-01-23,1717,6.38,21.47,1.82
2018-01-24,1717,6.38,21.47,1.82
2018-01-25,1717,6.41,21.37,1.81
2018-01-26,1717,6.45,21.23,1.8
2018-01-29,1717,6.46,21.2,1.8
2018-01-30,1717,6.45,21.23,1.8
2018-01-31,1717,6.47,21.16,1.8
2018-02-01,1717,6.49,21.1,1.79
2018-02-02,1717,6.48,21.13,1.79
2018-02-05,1717,6.49,21.1,1.79
2018-02-06,1717,6.67,20.55,1.74
2018-02-07,1717,6.64,20.62,1.75
2018-02-08,1717,6.67,20.55,1.74
2018-02-09,1717,6.72,20.38,1.73
2018-02-12,1717,6.67,20.55,1.74
2018-02-21,1717,6.54,20.96,1.78
2018-02-22,1717,6.57,20.86,1.77
2018-02-23,1717,6.57,20.86,1.77
2018-02-26,1717,6.56,20.89,1.77
2018-02-27,1717,6.43,21.3,1.81
2018-03-01,1717,6.49,21.1,1.79
2018-03-02,1717,6.57,20.86,1.77
2018-03-05,1717,6.57,20.86,1.77
2018-03-06,1717,6.6,20.75,1.76
2018-03-07,1717,6.63,20.65,1.75
2018-03-08,1717,6.63,20.65,1.75
2018-03-09,1717,6.61,20.72,1.76
2018-03-12,1717,6.62,20.68,1.76
2018-03-13,1717,6.59,20.79,1.76
2018-03-14,1717,6.59,20.79,1.76
2018-03-15,1717,6.62,20.68,1.76
2018-03-16,1717,6.62,20.68,1.76
2018-03-19,1717,6.63,20.65,1.75
2018-03-20,1717,6.63,20.65,1.75
2018-03-21,1717,3.96,18.36,1.71
2018-03-22,1717,3.95,18.39,1.72
2018-03-23,1717,3.97,18.3,1.71
2018-03-26,1717,4.02,18.09,1.69
2018-03-27,1717,4.03,18.06,1.68
2018-03-28,1717,4.06,17.91,1.67
2018-03-29,1717,4.1,17.76,1.66
2018-03-30,1717,4.07,17.88,1.67
2018-03-31,1717,4.06,17.91,1.67
2018-04-02,1717,4.05,17.97,1.68
2018-04-03,1717,4.06,17.91,1.67
2018-04-09,1717,4.07,17.88,1.67
2018-04-10,1717,4.08,17.82,1.66
2018-04-11,1717,4.04,18.0,1.68
2018-04-12,1717,4.06,17.91,1.67
2018-04-13,1717,4.09,17.79,1.66
2018-04-16,1717,4.13,17.61,1.64
2018-04-17,1717,4.15,17.55,1.64
2018-04-18,1717,4.17,17.45,1.63
2018-04-19,1717,4.18,17.39,1.62
2018-04-20,1717,4.18,17.39,1.62
2018-04-23,1717,4.22,17.24,1.61
2018-04-24,1717,4.29,16.97,1.58
2018-04-25,1717,4.32,16.85,1.57
2018-04-26,1717,4.36,16.7,1.56
2018-04-27,1717,4.35,16.73,1.56
2018-04-30,1717,4.23,17.21,1.61
2018-05-02,1717,4.29,16.94,1.58
2018-05-03,1717,4.37,16.64,1.55
2018-05-04,1717,4.41,16.48,1.54
2018-05-07,1717,4.41,16.48,1.54
2018-05-08,1717,4.37,16.64,1.55
2018-05-09,1717,4.4,16.55,1.54
2018-05-10,1717,4.34,16.76,1.56
2018-05-11,1717,4.34,19.34,1.49
2018-05-14,1717,4.29,19.55,1.51
2018-05-15,1717,4.35,19.3,1.49
2018-05-16,1717,4.36,19.23,1.49
2018-05-17,1717,4.34,19.34,1.49
2018-05-18,1717,4.34,19.34,1.49
2018-05-21,1717,4.31,19.48,1.51
2018-05-22,1717,4.27,19.65,1.52
2018-05-23,1717,4.27,19.65,1.52
2018-05-24,1717,4.23,19.86,1.54
2018-05-25,1717,4.24,19.79,1.53
2018-05-28,1717,4.29,19.58,1.51
2018-05-29,1717,4.27,19.65,1.52
2018-05-30,1717,4.29,19.55,1.51
2018-05-31,1717,4.08,20.56,1.59
2018-06-01,1717,4.19,20.03,1.55
2018-06-04,1717,4.18,20.07,1.55
2018-06-05,1717,4.16,20.17,1.56
2018-06-06,1717,4.19,20.03,1.55
2018-06-07,1717,4.21,19.93,1.54
2018-06-08,1717,4.23,19.86,1.54
2018-06-11,1717,4.23,19.83,1.53
2018-06-12,1717,4.2,20.0,1.55
2018-06-13,1717,4.26,19.72,1.52
2018-06-14,1717,4.3,19.51,1.51
2018-06-15,1717,4.33,19.37,1.5
2018-06-19,1717,4.36,19.23,1.49
2018-06-20,1717,4.39,19.13,1.48
2018-06-21,1717,4.38,19.16,1.48
2018-06-22,1717,4.35,19.3,1.49
2018-06-25,1717,4.29,19.58,1.51
2018-06-26,1717,4.32,19.44,1.5
2018-06-27,1717,4.31,19.48,1.51
2018-06-28,1717,4.33,19.37,1.5
2018-06-29,1717,4.31,19.48,1.51
2018-07-02,1717,4.35,19.3,1.49
2018-07-03,1717,4.4,19.09,1.48
2018-07-04,1717,4.37,19.2,1.48
2018-07-05,1717,4.41,19.02,1.47
2018-07-06,1717,4.45,18.85,1.46
2018-07-09,1717,4.44,18.88,1.46
2018-07-10,1717,4.44,18.92,1.46
2018-07-11,1717,4.44,18.88,1.46
2018-07-12,1717,4.44,18.88,1.46
2018-07-13,1717,4.44,18.92,1.46
2018-07-16,1717,4.44,18.88,1.46
2018-07-17,1717,4.44,18.88,1.46
2018-07-18,1717,4.34,19.34,1.49
2018-07-19,1717,4.36,19.23,1.49
2018-07-20,1717,4.32,19.41,1.5
2018-07-23,1717,4.28,19.62,1.52
2018-07-24,1717,4.26,19.69,1.52
2018-07-25,1717,4.26,19.69,1.52
2018-07-26,1717,4.5,18.64,1.44
2018-07-27,1717,4.51,18.6,1.44
2018-07-30,1717,4.5,18.64,1.44
2018-07-31,1717,4.38,19.16,1.48
2018-08-01,1717,4.38,19.16,1.48
2018-08-02,1717,4.42,18.99,1.47
2018-08-03,1717,4.4,19.06,1.47
2018-08-06,1717,4.4,19.09,1.48
2018-08-07,1717,4.42,18.99,1.47
2018-08-08,1717,4.39,19.13,1.48
2018-08-09,1717,4.41,19.02,1.47
2018-08-10,1717,4.4,15.48,1.49
2018-08-13,1717,4.47,15.26,1.47
2018-08-14,1717,4.41,15.45,1.49
2018-08-15,1717,4.44,15.34,1.47
2018-08-16,1717,4.45,15.31,1.47
2018-08-17,1717,4.45,15.31,1.47
2018-08-20,1717,4.44,15.34,1.47
2018-08-21,1717,4.44,15.34,1.47
2018-08-22,1717,4.48,15.23,1.46
2018-08-23,1717,4.44,15.34,1.47
2018-08-24,1717,4.44,15.34,1.47
2018-08-27,1717,4.44,15.37,1.48
2018-08-28,1717,4.43,15.4,1.48
2018-08-29,1717,4.4,15.51,1.49
2018-08-30,1717,4.44,15.34,1.47
2018-08-31,1717,4.46,15.28,1.47
2018-09-03,1717,4.44,15.34,1.47
2018-09-04,1717,4.45,15.31,1.47
2018-09-05,1717,4.45,15.31,1.47
2018-09-06,1717,4.47,15.26,1.47
2018-09-07,1717,4.47,15.26,1.47
2018-09-10,1717,4.56,14.94,1.44
2018-09-11,1717,4.55,15.0,1.44
2018-09-12,1717,4.52,15.09,1.45
2018-09-13,1717,4.48,15.23,1.46
2018-09-14,1717,4.49,15.2,1.46
2018-09-17,1717,4.52,15.09,1.45
2018-09-18,1717,4.49,15.2,1.46
2018-09-19,1717,4.46,15.28,1.47
2018-09-20,1717,4.49,15.17,1.46
2018-09-21,1717,4.48,15.23,1.46
2018-09-25,1717,4.48,15.23,1.46
2018-09-26,1717,4.49,15.2,1.46
2018-09-27,1717,4.5,15.14,1.46
2018-09-28,1717,4.53,15.06,1.45
2018-10-01,1717,4.48,15.23,1.46
2018-10-02,1717,4.48,15.23,1.46
2018-10-03,1717,4.49,15.17,1.46
2018-10-04,1717,4.54,15.03,1.44
2018-10-05,1717,4.59,14.86,1.43
2018-10-08,1717,4.62,14.77,1.42
2018-10-09,1717,4.58,14.89,1.43
2018-10-11,1717,4.76,14.32,1.38
2018-10-12,1717,4.77,14.29,1.37
2018-10-15,1717,4.82,14.15,1.36
2018-10-16,1717,4.81,14.18,1.36
2018-10-17,1717,4.82,14.15,1.36
2018-10-18,1717,4.89,13.95,1.34
2018-10-19,1717,4.84,14.09,1.35
2018-10-22,1717,4.87,14.01,1.35
2018-10-23,1717,4.99,13.66,1.31
2018-10-24,1717,5.04,13.52,1.3
2018-10-25,1717,5.15,13.24,1.27
2018-10-26,1717,5.19,13.13,1.26
2018-10-29,1717,5.21,13.1,1.26
2018-10-30,1717,5.22,13.07,1.26
2018-10-31,1717,5.21,13.1,1.26
2018-11-01,1717,5.14,13.27,1.28
2018-11-02,1717,5.13,13.3,1.28
2018-11-05,1717,5.11,13.35,1.28
2018-11-06,1717,5.08,13.41,1.29
2018-11-07,1717,5.08,13.41,1.29
2018-11-08,1717,5.08,13.41,1.29
2018-11-09,1717,5.11,14.42,1.41
2018-11-12,1717,5.08,14.48,1.41
2018-11-13,1717,5.08,14.48,1.41
2018-11-14,1717,5.1,14.45,1.41
2018-11-15,1717,5.12,14.39,1.41
2018-11-16,1717,5.02,14.66,1.43
2018-11-19,1717,4.96,14.85,1.45
2018-11-20,1717,5.05,14.57,1.42
2018-11-21,1717,5.08,14.48,1.41
2018-11-22,1717,5.1,14.45,1.41
2018-11-23,1717,5.08,14.48,1.41
2018-11-26,1717,5.07,14.51,1.42
2018-11-27,1717,5.08,14.48,1.41
2018-11-28,1717,5.03,14.63,1.43
2018-11-29,1717,5.02,14.66,1.43
2018-11-30,1717,5.0,14.72,1.44
2018-12-03,1717,4.98,14.79,1.44
2018-12-04,1717,4.99,14.75,1.44
2018-12-05,1717,5.04,14.6,1.43
2018-12-06,1717,5.06,14.54,1.42
2018-12-07,1717,5.03,14.63,1.43
2018-12-10,1717,5.07,14.51,1.42
2018-12-11,1717,5.06,14.54,1.42
2018-12-12,1717,5.06,14.54,1.42
2018-12-13,1717,5.04,14.6,1.43
2018-12-14,1717,4.99,14.75,1.44
2018-12-17,1717,4.95,14.88,1.45
2018-12-18,1717,5.01,14.69,1.43
2018-12-19,1717,5.01,14.69,1.43
2018-12-20,1717,5.05,14.57,1.42
2018-12-21,1717,5.07,14.51,1.42
2018-12-22,1717,5.08,14.48,1.41
2018-12-24,1717,5.08,14.48,1.41
2018-12-25,1717,5.1,14.45,1.41
2018-12-26,1717,5.14,14.33,1.4
2018-12-27,1717,5.13,14.36,1.4
2018-12-28,1717,5.12,14.39,1.41
2019-01-02,1717,5.12,14.39,1.41
2019-01-03,1717,5.07,14.51,1.42
2019-01-04,1717,5.1,14.45,1.41
2019-01-07,1717,5.0,14.72,1.44
2019-01-08,1717,5.03,14.63,1.43
2019-01-09,1717,4.96,14.85,1.45
2019-01-10,1717,4.98,14.79,1.44
2019-01-11,1717,4.98,14.79,1.44
2019-01-14,1717,4.98,14.79,1.44
2019-01-15,1717,4.98,14.79,1.44
2019-01-16,1717,4.98,14.79,1.44
2019-01-17,1717,4.94,14.91,1.46
2019-01-18,1717,4.9,15.03,1.47
2019-01-21,1717,4.83,15.25,1.49
2019-01-22,1717,4.83,15.25,1.49
2019-01-23,1717,4.81,15.31,1.49
2019-01-24,1717,4.78,15.4,1.5
2019-01-25,1717,4.78,15.4,1.5
2019-01-28,1717,4.77,15.43,1.51
2019-01-29,1717,4.8,15.34,1.5
2019-01-30,1717,4.81,15.31,1.49
2019-02-11,1717,4.86,15.15,1.48
2019-02-12,1717,4.86,15.15,1.48
2019-02-13,1717,4.8,15.34,1.5
2019-02-14,1717,4.85,15.18,1.48
2019-02-15,1717,4.82,15.28,1.49
2019-02-18,1717,4.82,15.28,1.49
2019-02-19,1717,4.81,15.31,1.49
2019-02-20,1717,4.72,15.58,1.52
2019-02-21,1717,4.72,15.61,1.52
2019-02-22,1717,4.72,15.61,1.52
2019-02-25,1717,4.69,15.71,1.53
2019-02-26,1717,4.71,15.64,1.53
2019-02-27,1717,4.7,15.67,1.53
2019-03-04,1717,4.67,15.77,1.54
2019-03-05,1717,4.68,15.74,1.54
2019-03-06,1717,4.69,15.71,1.53
2019-03-07,1717,4.7,15.67,1.53
2019-03-08,1717,4.7,15.67,1.53
2019-03-11,1717,4.63,15.89,1.55
2019-03-12,1717,4.62,15.92,1.55
2019-03-13,1717,4.64,15.86,1.55
2019-03-14,1717,4.76,15.46,1.51
2019-03-15,1717,4.84,15.21,1.49
2019-03-18,1717,4.79,15.37,1.5
2019-03-19,1717,4.82,15.28,1.49
2019-03-20,1717,4.78,15.4,1.5
2019-03-21,1717,4.79,15.37,1.5
2019-03-22,1717,4.77,15.43,1.51
2019-03-25,1717,4.8,15.34,1.5
2019-03-26,1717,4.77,15.43,1.51
2019-03-27,1717,4.79,20.04,1.48
2019-03-28,1717,3.64,19.8,1.46
2019-03-29,1717,3.67,19.6,1.45
2019-04-01,1717,3.68,19.56,1.44
2019-04-02,1717,3.67,19.6,1.45
2019-04-03,1717,3.66,19.68,1.45
2019-04-08,1717,3.61,19.96,1.47
2019-04-09,1717,3.59,20.04,1.48
2019-04-10,1717,3.56,20.2,1.49
2019-04-11,1717,3.59,20.08,1.48
2019-04-12,1717,3.59,20.04,1.48
2019-04-15,1717,3.54,20.36,1.5
2019-04-16,1717,3.56,20.24,1.49
2019-04-17,1717,3.56,20.24,1.49
2019-04-18,1717,3.59,20.04,1.48
2019-04-19,1717,3.59,20.08,1.48
2019-04-22,1717,3.59,20.08,1.48
2019-04-23,1717,3.57,20.16,1.49
2019-04-24,1717,3.56,20.2,1.49
2019-04-25,1717,3.58,20.12,1.49
2019-04-26,1717,3.58,20.12,1.49
2019-04-29,1717,3.57,20.16,1.49
2019-04-30,1717,3.52,20.44,1.51
2019-05-02,1717,3.49,20.64,1.52
2019-05-03,1717,3.49,20.64,1.52
2019-05-06,1717,3.45,20.88,1.54
2019-05-07,1717,3.44,20.96,1.55
2019-05-08,1717,3.44,20.96,1.55
2019-05-09,1717,3.43,21.0,1.55
2019-05-10,1717,3.51,15.55,1.41
2019-05-13,1717,3.55,15.36,1.39
2019-05-14,1717,3.53,15.45,1.4
2019-05-15,1717,3.53,15.45,1.4
2019-05-16,1717,3.56,15.33,1.39
2019-05-17,1717,3.53,15.45,1.4
2019-05-20,1717,3.5,15.61,1.42
2019-05-21,1717,3.45,15.82,1.43
2019-05-22,1717,3.46,15.76,1.43
2019-05-23,1717,3.46,15.76,1.43
2019-05-24,1717,3.43,15.91,1.44
2019-05-27,1717,3.39,16.09,1.46
2019-05-28,1717,3.42,15.94,1.45
2019-05-29,1717,3.39,16.09,1.46
2019-05-30,1717,3.38,16.12,1.46
2019-05-31,1717,3.38,16.12,1.46
2019-06-03,1717,3.37,16.18,1.47
2019-06-04,1717,3.33,16.36,1.48
2019-06-05,1717,3.35,16.3,1.48
2019-06-06,1717,3.36,16.24,1.47
2019-06-10,1717,3.36,16.21,1.47
2019-06-11,1717,3.42,15.97,1.45
2019-06-12,1717,3.38,16.12,1.46
2019-06-13,1717,3.39,16.09,1.46
2019-06-14,1717,3.35,16.27,1.48
2019-06-17,1717,3.35,16.27,1.48
2019-06-18,1717,3.35,16.27,1.48
2019-06-19,1717,3.34,16.33,1.48
2019-06-20,1717,3.33,16.36,1.48
2019-06-21,1717,3.36,16.21,1.47
2019-06-24,1717,3.34,16.33,1.48
2019-06-25,1717,3.33,16.36,1.48
2019-06-26,1717,3.33,16.39,1.49
2019-06-27,1717,3.32,16.42,1.49
2019-06-28,1717,3.33,16.39,1.49
2019-07-01,1717,3.35,16.27,1.48
2019-07-02,1717,3.38,16.15,1.47
2019-07-03,1717,3.37,16.18,1.47
2019-07-04,1717,3.36,16.21,1.47
2019-07-05,1717,3.35,16.3,1.48
2019-07-08,1717,3.35,16.27,1.48
2019-07-09,1717,3.37,16.18,1.47
2019-07-10,1717,3.34,16.33,1.48
2019-07-11,1717,3.35,16.27,1.48
2019-07-12,1717,3.36,16.21,1.47
2019-07-15,1717,3.38,16.15,1.47
2019-07-16,1717,3.5,15.61,1.42
2019-07-17,1717,3.47,15.7,1.42
2019-07-18,1717,3.47,15.7,1.42
2019-07-19,1717,3.41,16.0,1.45
2019-07-22,1717,3.39,16.09,1.46
2019-07-23,1717,3.41,16.0,1.45
2019-07-24,1717,3.42,15.97,1.45
2019-07-25,1717,3.39,16.09,1.46
2019-07-26,1717,3.38,16.12,1.46
2019-07-29,1717,3.38,16.15,1.47
2019-07-30,1717,3.38,16.15,1.47
2019-07-31,1717,3.44,15.88,1.44
2019-08-01,1717,3.43,15.91,1.44
2019-08-02,1717,3.45,15.82,1.43
2019-08-05,1717,3.51,15.55,1.41
2019-08-06,1717,3.56,15.33,1.39
2019-08-07,1717,3.5,15.61,1.42
2019-08-08,1717,3.5,15.58,1.41
2019-08-12,1717,3.52,16.1,1.46
2019-08-13,1717,3.56,15.88,1.44
2019-08-14,1717,3.59,15.75,1.43
2019-08-15,1717,3.67,15.44,1.4
2019-08-16,1717,3.63,15.6,1.42
2019-08-19,1717,3.63,15.6,1.42
2019-08-20,1717,3.6,15.72,1.43
2019-08-21,1717,3.57,15.85,1.44
2019-08-22,1717,3.57,15.85,1.44
2019-08-23,1717,3.54,16.01,1.46
2019-08-26,1717,3.57,15.85,1.44
2019-08-27,1717,3.63,15.6,1.42
2019-08-28,1717,3.64,15.57,1.42
2019-08-29,1717,3.67,15.44,1.4
2019-08-30,1717,3.64,15.53,1.41
2019-09-02,1717,3.6,15.72,1.43
2019-09-03,1717,3.6,15.72,1.43
2019-09-04,1717,3.58,15.82,1.44
2019-09-05,1717,3.58,15.82,1.44
2019-09-06,1717,3.57,15.85,1.44
2019-09-09,1717,3.59,15.79,1.44
2019-09-10,1717,3.59,15.75,1.43
2019-09-11,1717,3.6,15.72,1.43
2019-09-12,1717,3.57,15.85,1.44
2019-09-16,1717,3.57,15.85,1.44
2019-09-17,1717,3.59,15.79,1.44
2019-09-18,1717,3.56,15.88,1.44
2019-09-19,1717,3.56,15.91,1.45
2019-09-20,1717,3.5,16.16,1.47
2019-09-23,1717,3.52,16.1,1.46
2019-09-24,1717,3.54,16.01,1.46
2019-09-25,1717,3.54,16.01,1.46
2019-09-26,1717,3.53,16.04,1.46
2019-09-27,1717,3.55,15.94,1.45
2019-10-01,1717,3.52,16.07,1.46
2019-10-02,1717,3.51,16.13,1.47
2019-10-03,1717,3.53,16.04,1.46
2019-10-04,1717,3.54,16.01,1.46
2019-10-07,1717,3.54,16.01,1.46
2019-10-08,1717,3.52,16.07,1.46
2019-10-09,1717,3.55,15.94,1.45
2019-10-14,1717,3.56,15.88,1.44
2019-10-15,1717,3.57,15.85,1.44
2019-10-16,1717,3.6,15.72,1.43
2019-10-17,1717,3.59,15.79,1.44
2019-10-18,1717,3.42,16.54,1.5
2019-10-21,1717,3.46,16.35,1.49
2019-10-22,1717,3.49,16.23,1.48
2019-10-23,1717,3.54,16.01,1.46
2019-10-24,1717,3.5,16.16,1.47
2019-10-25,1717,3.51,16.13,1.47
2019-10-28,1717,3.52,16.1,1.46
2019-10-29,1717,3.52,16.07,1.46
2019-10-30,1717,3.51,16.13,1.47
2019-10-31,1717,3.47,16.29,1.48
2019-11-01,1717,3.48,16.26,1.48
2019-11-04,1717,3.47,16.29,1.48
2019-11-05,1717,3.49,16.23,1.48
2019-11-06,1717,3.5,16.19,1.47
2019-11-07,1717,3.47,16.29,1.48
2019-11-08,1717,3.46,16.35,1.49
2019-11-11,1717,3.46,15.2,1.52
2019-11-12,1717,3.46,15.2,1.52
2019-11-13,1717,3.47,15.18,1.52
2019-11-14,1717,3.49,15.09,1.51
2019-11-15,1717,3.49,15.09,1.51
2019-11-18,1717,3.49,15.09,1.51
2019-11-19,1717,3.5,15.06,1.5
2019-11-20,1717,3.45,15.26,1.53
2019-11-21,1717,3.45,15.23,1.52
2019-11-22,1717,3.43,15.35,1.53
2019-11-25,1717,3.39,15.53,1.55
2019-11-26,1717,3.37,15.61,1.56
2019-11-27,1717,3.35,15.7,1.57
2019-11-28,1717,3.38,15.56,1.55
2019-11-29,1717,3.42,15.38,1.54
2019-12-02,1717,3.45,15.26,1.53
2019-12-03,1717,3.45,15.23,1.52
2019-12-04,1717,3.44,15.32,1.53
2019-12-05,1717,3.44,15.32,1.53
2019-12-06,1717,3.45,15.23,1.52
2019-12-09,1717,3.45,15.23,1.52
2019-12-10,1717,3.45,15.23,1.52
2019-12-11,1717,3.45,15.26,1.53
2019-12-12,1717,3.43,15.35,1.53
2019-12-13,1717,3.43,15.35,1.53
2019-12-16,1717,3.44,15.29,1.53
2019-12-17,1717,3.44,15.32,1.53
2019-12-18,1717,3.4,15.47,1.55
2019-12-19,1717,3.42,15.41,1.54
2019-12-20,1717,3.48,15.12,1.51
2019-12-23,1717,3.44,15.32,1.53
2019-12-24,1717,3.42,15.41,1.54
2019-12-25,1717,3.37,15.61,1.56
2019-12-26,1717,3.37,15.61,1.56
2019-12-27,1717,3.37,15.61,1.56
2019-12-30,1717,3.38,15.56,1.55
2019-12-31,1717,3.38,15.56,1.55
2020-01-02,1717,3.38,15.56,1.55
2020-01-03,1717,3.36,15.64,1.56
2020-01-06,1717,3.38,15.58,1.56
2020-01-07,1717,3.36,15.64,1.56
2020-01-08,1717,3.35,15.73,1.57
2020-01-09,1717,3.36,15.67,1.57
2020-01-10,1717,3.36,15.67,1.57
2020-01-13,1717,3.34,15.76,1.58
2020-01-14,1717,3.28,16.05,1.6
2020-01-15,1717,3.28,16.05,1.6
2020-01-16,1717,3.17,16.61,1.66
2020-01-17,1717,3.15,16.7,1.67
2020-01-20,1717,3.18,16.55,1.65
2020-01-30,1717,3.35,15.7,1.57
2020-01-31,1717,3.34,15.76,1.58
2020-02-03,1717,3.39,15.53,1.55
2020-02-04,1717,3.34,15.76,1.58
2020-02-05,1717,3.33,15.82,1.58
2020-02-06,1717,3.3,15.94,1.59
2020-02-07,1717,3.33,15.79,1.58
2020-02-10,1717,3.35,15.73,1.57
2020-02-11,1717,3.32,15.85,1.58
2020-02-12,1717,3.33,15.79,1.58
2020-02-13,1717,3.33,15.79,1.58
2020-02-14,1717,3.35,15.7,1.57
2020-02-17,1717,3.38,15.58,1.56
2020-02-18,1717,3.38,15.58,1.56
2020-02-19,1717,3.37,15.61,1.56
2020-02-20,1717,3.36,15.67,1.57
2020-02-21,1717,3.36,15.64,1.56
2020-02-24,1717,3.36,15.64,1.56
2020-02-25,1717,3.36,15.64,1.56
2020-02-26,1717,3.33,15.82,1.58
2020-02-27,1717,3.34,15.76,1.58
2020-03-02,1717,3.38,15.58,1.56
2020-03-03,1717,3.4,15.5,1.55
2020-03-04,1717,3.44,15.32,1.53
2020-03-05,1717,3.43,15.35,1.53
2020-03-06,1717,3.44,15.29,1.53
2020-03-09,1717,3.52,14.97,1.5
2020-03-10,1717,3.54,14.85,1.48
2020-03-11,1717,3.59,14.68,1.47
2020-03-12,1717,3.67,14.33,1.43
2020-03-13,1717,3.81,13.8,1.38
2020-03-16,1717,3.93,13.39,1.34
2020-03-17,1717,4.02,13.1,1.31
2020-03-18,1717,4.02,13.1,1.31
2020-03-19,1717,4.39,11.99,1.2
2020-03-20,1717,4.1,12.84,1.28
2020-03-23,1717,4.08,12.89,1.29
2020-03-24,1717,4.04,13.01,1.3
2020-03-25,1717,4.0,13.16,1.32
2020-03-26,1717,4.04,13.04,1.3
2020-03-27,1717,3.96,11.41,1.31
2020-03-30,1717,6.17,11.41,1.31
2020-03-31,1717,6.21,11.33,1.31
2020-04-01,1717,6.13,11.48,1.32
2020-04-06,1717,6.05,11.63,1.34
2020-04-07,1717,5.97,11.78,1.36
2020-04-08,1717,5.86,12.01,1.38
2020-04-09,1717,5.88,11.96,1.38
2020-04-10,1717,5.81,12.11,1.4
2020-04-13,1717,5.88,11.96,1.38
2020-04-14,1717,5.77,12.19,1.4
2020-04-15,1717,5.6,12.56,1.45
2020-04-16,1717,5.68,12.39,1.43
2020-04-17,1717,5.66,12.44,1.43
2020-04-20,1717,5.62,12.51,1.44
2020-04-21,1717,5.67,12.41,1.43
2020-04-22,1717,5.51,12.76,1.47
2020-04-23,1717,5.44,12.94,1.49
2020-04-24,1717,5.3,13.27,1.53
2020-04-27,1717,5.14,13.69,1.58
2020-04-28,1717,5.15,13.67,1.57
2020-04-29,1717,5.16,13.64,1.57
2020-04-30,1717,5.23,13.44,1.55
2020-05-04,1717,5.3,13.27,1.53
2020-05-05,1717,4.84,14.52,1.67
2020-05-06,1717,4.92,14.3,1.65
2020-05-07,1717,4.91,14.32,1.65
2020-05-08,1717,4.88,18.28,1.66
2020-05-11,1717,4.8,18.57,1.69
2020-05-12,1717,4.93,18.09,1.65
2020-05-13,1717,4.84,18.44,1.68
2020-05-14,1717,4.79,18.6,1.69
2020-05-15,1717,4.78,18.66,1.7
2020-05-18,1717,4.56,19.55,1.78
2020-05-19,1717,4.47,19.97,1.82
2020-05-20,1717,4.56,19.55,1.78
2020-05-21,1717,4.55,19.62,1.79
2020-05-22,1717,4.64,19.24,1.75
2020-05-25,1717,4.49,19.87,1.81
2020-05-26,1717,4.19,21.31,1.94
2020-05-27,1717,4.26,20.92,1.9
2020-05-28,1717,4.24,21.02,1.91
2020-05-29,1717,4.38,20.38,1.86
2020-06-01,1717,4.18,21.34,1.94
2020-06-02,1717,4.2,21.21,1.93
2020-06-03,1717,4.25,20.99,1.91
2020-06-04,1717,4.28,20.83,1.9
2020-06-05,1717,4.35,20.51,1.87
2020-06-08,1717,4.38,20.35,1.85
2020-06-09,1717,4.38,20.35,1.85
2020-06-10,1717,4.62,19.3,1.76
2020-06-11,1717,4.59,19.43,1.77
2020-06-12,1717,4.56,19.55,1.78
2020-06-15,1717,4.46,20.0,1.82
2020-06-16,1717,4.53,19.68,1.79
2020-06-17,1717,4.44,20.06,1.83
2020-06-18,1717,4.48,19.9,1.81
2020-06-19,1717,4.56,19.55,1.78
2020-06-22,1717,4.42,20.16,1.83
2020-06-23,1717,4.47,19.94,1.81
2020-06-24,1717,4.5,19.81,1.8
2020-06-29,1717,4.55,19.62,1.79
2020-06-30,1717,4.48,19.9,1.81
2020-07-01,1717,4.47,19.97,1.82
2020-07-02,1717,4.31,20.7,1.88
2020-07-03,1717,4.27,20.86,1.9
2020-07-06,1717,4.02,22.2,2.02
2020-07-07,1717,4.16,21.43,1.95
2020-07-08,1717,4.08,21.85,1.99
2020-07-09,1717,4.14,21.56,1.96
2020-07-10,1717,4.35,20.48,1.86
2020-07-13,1717,4.33,20.57,1.87
2020-07-14,1717,4.44,20.1,1.83
2020-07-15,1717,4.54,19.65,1.79
2020-07-16,1717,4.55,19.62,1.79
2020-07-17,1717,4.8,18.57,1.69
2020-07-20,1717,4.68,19.04,1.73
2020-07-21,1717,4.63,19.27,1.75
2020-07-22,1717,4.47,19.97,1.82
2020-07-23,1717,4.3,20.73,1.89
2020-07-24,1717,4.4,20.29,1.85
2020-07-27,1717,4.52,19.75,1.8
2020-07-28,1717,4.66,19.14,1.74
2020-07-29,1717,4.52,19.75,1.8
2020-07-30,1717,4.49,19.84,1.81
2020-07-31,1717,4.52,19.71,1.79
2020-08-03,1717,4.44,20.06,1.83
2020-08-04,1717,4.04,22.07,2.01
2020-08-05,1717,3.67,24.27,2.21
2020-08-06,1717,3.68,24.2,2.2
2020-08-07,1717,3.66,23.94,2.39
2020-08-10,1717,3.83,22.84,2.28
2020-08-11,1717,3.99,21.91,2.19
2020-08-12,1717,3.96,22.09,2.21
2020-08-13,1717,4.12,21.25,2.12
2020-08-14,1717,4.12,21.25,2.12
2020-08-17,1717,4.07,21.5,2.15
2020-08-18,1717,4.07,21.5,2.15
2020-08-19,1717,4.05,21.59,2.16
2020-08-20,1717,4.35,20.13,2.01
2020-08-21,1717,4.2,20.84,2.08
2020-08-24,1717,3.97,22.06,2.2
2020-08-25,1717,4.0,21.88,2.18
2020-08-26,1717,4.02,21.75,2.17
2020-08-27,1717,4.12,21.25,2.12
2020-08-28,1717,4.06,21.53,2.15
2020-08-31,1717,4.05,21.59,2.16
2020-09-01,1717,4.09,21.38,2.13
2020-09-02,1717,4.05,21.63,2.16
2020-09-03,1717,4.08,21.44,2.14
2020-09-04,1717,4.09,21.41,2.14
2020-09-07,1717,4.02,21.75,2.17
2020-09-08,1717,4.01,21.84,2.18
2020-09-09,1717,3.98,22.0,2.2
2020-09-10,1717,4.06,21.56,2.15
2020-09-11,1717,4.16,21.03,2.1
2020-09-14,1717,3.99,21.91,2.19
2020-09-15,1717,3.99,21.94,2.19
2020-09-16,1717,4.03,21.69,2.16
2020-09-17,1717,4.05,21.59,2.16
2020-09-18,1717,3.98,22.0,2.2
2020-09-21,1717,4.04,21.66,2.16
2020-09-22,1717,4.03,21.69,2.16
2020-09-23,1717,4.12,21.25,2.12
2020-09-24,1717,4.27,20.47,2.04
2020-09-25,1717,4.38,19.97,1.99
2020-09-28,1717,4.23,20.69,2.06
2020-09-29,1717,4.29,20.38,2.03
2020-09-30,1717,4.27,20.47,2.04
2020-10-05,1717,4.2,20.81,2.08
2020-10-06,1717,4.19,20.88,2.08
2020-10-07,1717,4.2,20.84,2.08
2020-10-08,1717,4.18,20.94,2.09
2020-10-12,1717,4.2,20.84,2.08
2020-10-13,1717,4.24,20.63,2.06
2020-10-14,1717,4.22,20.75,2.07
2020-10-15,1717,4.22,20.75,2.07
2020-10-16,1717,4.29,20.38,2.03
2020-10-19,1717,4.26,20.56,2.05
2020-10-20,1717,4.26,20.56,2.05
2020-10-21,1717,4.27,20.5,2.05
2020-10-22,1717,4.22,20.72,2.07
2020-10-23,1717,4.19,20.91,2.09
2020-10-26,1717,4.19,20.91,2.09
2020-10-27,1717,4.16,21.03,2.1
2020-10-28,1717,4.24,20.63,2.06
2020-10-29,1717,4.18,20.94,2.09
2020-10-30,1717,4.16,21.03,2.1
2020-11-02,1717,4.19,20.88,2.08
2020-11-03,1717,4.14,21.16,2.11
2020-11-04,1717,4.06,21.53,2.15
2020-11-05,1717,4.06,21.53,2.15
2020-11-06,1717,4.09,21.38,2.13
2020-11-09,1717,4.09,21.38,2.13
2020-11-10,1717,4.12,21.25,2.12
2020-11-11,1717,4.02,21.75,2.17
2020-11-12,1717,4.14,18.17,1.96
2020-11-13,1717,4.11,18.33,1.98
2020-11-16,1717,4.08,18.44,1.99
2020-11-17,1717,4.02,18.74,2.02
2020-11-18,1717,4.08,18.44,1.99
2020-11-19,1717,4.05,18.6,2.01
2020-11-20,1717,4.03,18.66,2.02
2020-11-23,1717,4.01,18.76,2.03
2020-11-24,1717,3.99,18.87,2.04
2020-11-25,1717,3.98,18.92,2.04
2020-11-26,1717,3.94,19.09,2.06
2020-11-27,1717,3.93,19.14,2.07
2020-11-30,1717,4.02,18.71,2.02
2020-12-01,1717,4.01,18.76,2.03
2020-12-02,1717,4.04,18.63,2.01
2020-12-03,1717,3.98,18.92,2.04
2020-12-04,1717,3.88,19.41,2.1
2020-12-07,1717,3.85,19.54,2.11
2020-12-08,1717,3.92,19.19,2.07
2020-12-09,1717,3.92,19.22,2.08
2020-12-10,1717,3.91,19.27,2.08
2020-12-11,1717,3.95,19.03,2.06
2020-12-14,1717,3.93,19.17,2.07
2020-12-15,1717,3.96,19.01,2.05
2020-12-16,1717,3.92,19.22,2.08
2020-12-17,1717,3.9,19.3,2.08
2020-12-18,1717,3.91,19.25,2.08
2020-12-21,1717,3.88,19.41,2.1
2020-12-22,1717,3.86,19.49,2.11
2020-12-23,1717,3.79,19.84,2.14
2020-12-24,1717,3.68,20.46,2.21
2020-12-25,1717,3.71,20.27,2.19
2020-12-28,1717,3.76,20.0,2.16
2020-12-29,1717,3.83,19.65,2.12
2020-12-30,1717,3.77,19.95,2.15
2020-12-31,1717,3.83,19.65,2.12
2021-01-04,1717,3.76,20.0,2.16
2021-01-05,1717,3.7,20.32,2.2
2021-01-06,1717,3.77,19.97,2.16
2021-01-07,1717,3.67,20.51,2.22
2021-01-08,1717,3.69,20.38,2.2
2021-01-11,1717,3.76,20.03,2.16
2021-01-12,1717,3.86,19.49,2.11
2021-01-13,1717,3.86,19.52,2.11
2021-01-14,1717,3.86,19.49,2.11
2021-01-15,1717,3.98,18.9,2.04
2021-01-18,1717,4.01,18.76,2.03
2021-01-19,1717,4.06,18.55,2.0
2021-01-20,1717,4.17,18.06,1.95
2021-01-21,1717,4.19,17.96,1.94
2021-01-22,1717,4.15,18.12,1.96
2021-01-25,1717,4.06,18.52,2.0
2021-01-26,1717,4.09,18.39,1.99
2021-01-27,1717,4.09,18.41,1.99
2021-01-28,1717,4.12,18.25,1.97
2021-01-29,1717,4.21,17.88,1.93
2021-02-01,1717,4.11,18.31,1.98
2021-02-02,1717,4.13,18.23,1.97
2021-02-03,1717,4.17,18.06,1.95
2021-02-04,1717,4.17,18.06,1.95
2021-02-05,1717,4.16,18.09,1.95
2021-02-17,1717,4.08,18.44,1.99
2021-02-18,1717,4.01,18.79,2.03
2021-02-19,1717,3.98,18.92,2.04
2021-02-22,1717,3.98,18.92,2.04
2021-02-23,1717,3.96,19.01,2.05
2021-02-24,1717,4.0,18.82,2.03
2021-02-25,1717,3.98,18.92,2.04
2021-02-26,1717,3.89,19.35,2.09
2021-03-02,1717,3.93,19.14,2.07
2021-03-03,1717,3.92,19.22,2.08
2021-03-04,1717,3.94,19.09,2.06
2021-03-05,1717,4.01,18.79,2.03
2021-03-08,1717,4.01,18.76,2.03
2021-03-09,1717,3.99,18.87,2.04
2021-03-10,1717,4.0,18.82,2.03
2021-03-11,1717,3.92,19.19,2.07
2021-03-12,1717,3.93,19.14,2.07
2021-03-15,1717,3.93,19.17,2.07
2021-03-16,1717,3.95,19.06,2.06
2021-03-17,1717,3.97,18.95,2.05
2021-03-18,1717,3.95,19.03,2.06
2021-03-19,1717,4.02,18.74,2.02
2021-03-22,1717,3.9,19.3,2.08
2021-03-23,1717,3.92,19.22,2.08
2021-03-24,1717,3.9,19.3,2.08
2021-03-25,1717,3.92,19.19,2.07
2021-03-26,1717,3.87,17.66,1.97
2021-03-29,1717,3.91,17.49,1.95
2021-03-30,1717,4.17,17.54,1.95
2021-03-31,1717,4.17,17.54,1.95
2021-04-01,1717,4.14,17.68,1.97
2021-04-06,1717,4.05,18.05,2.01
2021-04-07,1717,4.06,18.02,2.01
2021-04-08,1717,4.05,18.05,2.01
2021-04-09,1717,3.99,18.34,2.04
2021-04-12,1717,4.01,18.27,2.03
2021-04-13,1717,4.03,18.17,2.02
2021-04-14,1717,4.01,18.24,2.03
2021-04-15,1717,3.9,18.76,2.09
2021-04-16,1717,3.78,19.37,2.16
2021-04-19,1717,3.69,19.85,2.21
2021-04-20,1717,3.76,19.46,2.17
2021-04-21,1717,3.71,19.73,2.2
2021-04-22,1717,3.89,18.8,2.09
2021-04-23,1717,3.84,19.05,2.12
2021-04-26,1717,3.72,19.68,2.19
2021-04-27,1717,3.46,21.12,2.35
2021-04-28,1717,3.44,21.24,2.37
2021-04-29,1717,3.28,22.34,2.49
2021-05-03,1717,3.49,20.98,2.34
2021-05-04,1717,3.76,19.44,2.16
2021-05-05,1717,3.68,19.88,2.21
2021-05-06,1717,3.7,19.76,2.2
2021-05-07,1717,3.65,16.18,2.17
2021-05-10,1717,3.67,16.1,2.16
2021-05-11,1717,3.92,15.08,2.03
2021-05-12,1717,4.14,14.25,1.92
2021-05-13,1717,4.24,13.94,1.87
2021-05-14,1717,4.25,13.9,1.87
2021-05-17,1717,4.49,13.15,1.77
2021-05-18,1717,4.09,14.45,1.94
2021-05-19,1717,3.83,15.43,2.07
2021-05-20,1717,3.85,15.33,2.06
2021-05-21,1717,3.75,15.75,2.12
2021-05-24,1717,3.68,16.04,2.16
2021-05-25,1717,3.75,15.73,2.11
2021-05-26,1717,3.7,15.96,2.15
2021-05-27,1717,3.75,15.75,2.12
2021-05-28,1717,3.73,15.83,2.13
2021-05-31,1717,3.7,15.94,2.14
2021-06-01,1717,3.63,16.26,2.19
2021-06-02,1717,3.71,15.91,2.14
2021-06-03,1717,3.58,16.48,2.21
2021-06-04,1717,3.65,16.18,2.17
2021-06-07,1717,3.6,16.42,2.21
2021-06-08,1717,3.65,16.18,2.17
2021-06-09,1717,3.58,16.48,2.21
2021-06-10,1717,3.65,16.16,2.17
2021-06-11,1717,3.7,15.94,2.14
2021-06-15,1717,3.73,15.85,2.13
2021-06-16,1717,3.76,15.71,2.11
2021-06-17,1717,3.74,15.79,2.12
2021-06-18,1717,3.75,15.75,2.12
2021-06-21,1717,3.87,15.28,2.05
2021-06-22,1717,3.86,15.31,2.06
2021-06-23,1717,3.78,15.61,2.1
2021-06-24,1717,3.69,16.02,2.15
2021-06-25,1717,3.7,15.94,2.14
2021-06-28,1717,3.71,15.91,2.14
2021-06-29,1717,3.75,15.77,2.12
2021-06-30,1717,3.7,15.94,2.14
2021-07-01,1717,3.71,15.93,2.14
2021-07-02,1717,3.68,16.04,2.16
2021-07-05,1717,3.65,16.16,2.17
2021-07-06,1717,3.62,16.3,2.19
2021-07-07,1717,3.66,16.14,2.17
2021-07-08,1717,3.63,16.26,2.19
2021-07-09,1717,3.66,16.14,2.17
2021-07-12,1717,3.61,16.38,2.2
2021-07-13,1717,3.62,16.32,2.19
2021-07-14,1717,3.49,16.93,2.28
2021-07-15,1717,3.53,16.73,2.25
2021-07-16,1717,3.55,16.63,2.24
2021-07-19,1717,3.58,16.48,2.21
2021-07-20,1717,3.65,16.16,2.17
2021-07-21,1717,3.73,15.85,2.13
2021-07-22,1717,3.66,16.14,2.17
2021-07-23,1717,3.64,16.24,2.18
2021-07-26,1717,3.7,15.94,2.14
2021-07-27,1717,3.83,15.43,2.07
2021-07-28,1717,3.92,15.06,2.02
2021-07-29,1717,3.88,15.24,2.05
2021-07-30,1717,3.87,15.28,2.05
2021-08-02,1717,3.85,15.33,2.06
2021-08-03,1717,3.89,15.18,2.04
2021-08-04,1717,3.89,15.2,2.04
2021-08-05,1717,3.93,15.04,2.02
2021-08-06,1717,3.95,13.15,1.94
2021-08-09,1717,3.99,12.99,1.91
2021-08-10,1717,4.08,12.72,1.87
2021-08-11,1717,4.12,12.6,1.85
2021-08-12,1717,4.13,12.58,1.85
2021-08-13,1717,4.19,12.39,1.82
2021-08-16,1717,4.28,12.13,1.79
2021-08-17,1717,4.24,12.23,1.8
2021-08-18,1717,4.14,12.53,1.84
2021-08-19,1717,4.24,12.25,1.8
2021-08-20,1717,4.29,12.11,1.78
2021-08-23,1717,4.21,12.32,1.81
2021-08-24,1717,4.14,12.53,1.84
2021-08-25,1717,4.1,12.65,1.86
2021-08-26,1717,4.11,12.63,1.86
2021-08-27,1717,4.1,12.66,1.86
2021-08-30,1717,4.08,12.73,1.87
2021-08-31,1717,4.09,12.7,1.87
2021-09-01,1717,4.05,12.8,1.88
2021-09-02,1717,4.11,12.63,1.86
2021-09-03,1717,4.07,12.77,1.88
2021-09-06,1717,4.12,12.61,1.86
2021-09-07,1717,4.05,12.8,1.88
2021-09-08,1717,4.08,12.72,1.87
2021-09-09,1717,4.06,12.79,1.88
2021-09-10,1717,3.94,13.18,1.94
2021-09-13,1717,3.86,13.44,1.98
2021-09-14,1717,3.82,13.6,2.0
2021-09-15,1717,3.86,13.44,1.98
2021-09-16,1717,3.77,13.77,2.03
2021-09-17,1717,3.88,13.37,1.97
2021-09-22,1717,3.96,13.11,1.93
2021-09-23,1717,3.92,13.24,1.95
2021-09-24,1717,3.92,13.25,1.95
2021-09-27,1717,3.84,13.51,1.99
2021-09-28,1717,3.91,13.29,1.96
2021-09-29,1717,4.01,12.94,1.91
2021-09-30,1717,3.98,13.03,1.92
2021-10-01,1717,4.13,12.58,1.85
2021-10-04,1717,4.21,12.32,1.81
2021-10-05,1717,4.17,12.44,1.83
2021-10-06,1717,4.16,12.47,1.84
2021-10-07,1717,4.13,12.56,1.85
2021-10-08,1717,4.13,12.56,1.85
2021-10-12,1717,4.21,12.34,1.82
2021-10-13,1717,4.23,12.28,1.81
2021-10-14,1717,4.19,12.39,1.82
2021-10-15,1717,4.09,12.68,1.87
2021-10-18,1717,3.99,12.99,1.91
2021-10-19,1717,3.99,12.99,1.91
2021-10-20,1717,4.0,12.98,1.91
2021-10-21,1717,4.1,12.66,1.86
2021-10-22,1717,4.14,12.53,1.84
2021-10-25,1717,4.09,12.68,1.87
2021-10-26,1717,4.02,12.91,1.9
2021-10-27,1717,4.08,12.73,1.87
2021-10-28,1717,4.08,12.73,1.87
2021-10-29,1717,4.08,12.73,1.87
2021-11-01,1717,4.1,12.66,1.86
2021-11-02,1717,4.13,12.58,1.85
2021-11-03,1717,4.1,12.65,1.86
2021-11-04,1717,4.04,12.84,1.89
2021-11-05,1717,3.92,12.92,2.04
2021-11-08,1717,3.98,12.72,2.01
2021-11-09,1717,3.82,13.28,2.09
2021-11-10,1717,3.89,13.04,2.06
2021-11-11,1717,3.95,12.84,2.03
2021-11-12,1717,3.96,12.8,2.02
2021-11-15,1717,3.97,12.75,2.01
2021-11-16,1717,4.03,12.57,1.98
2021-11-17,1717,4.05,12.52,1.97
2021-11-18,1717,4.04,12.55,1.98
2021-11-19,1717,4.06,12.48,1.97
2021-11-22,1717,4.09,12.4,1.96
2021-11-23,1717,4.11,12.33,1.95
2021-11-24,1717,4.06,12.48,1.97
2021-11-25,1717,4.08,12.43,1.96
2021-11-26,1717,4.11,12.33,1.95
2021-11-29,1717,4.16,12.2,1.92
2021-11-30,1717,4.16,12.18,1.92
2021-12-01,1717,4.14,12.25,1.93
2021-12-02,1717,4.15,12.21,1.93
2021-12-03,1717,4.12,12.31,1.94
2021-12-06,1717,4.09,12.4,1.96
2021-12-07,1717,4.11,12.33,1.95
2021-12-08,1717,4.09,12.4,1.96
2021-12-09,1717,4.1,12.36,1.95
2021-12-10,1717,4.08,12.43,1.96
2021-12-13,1717,4.08,12.42,1.96
2021-12-14,1717,4.14,12.23,1.93
2021-12-15,1717,4.13,12.26,1.93
2021-12-16,1717,4.14,12.25,1.93
2021-12-17,1717,4.1,12.35,1.95
2021-12-20,1717,4.14,12.25,1.93
2021-12-21,1717,4.08,12.42,1.96
2021-12-22,1717,4.07,12.45,1.96
2021-12-23,1717,4.05,12.52,1.97
2021-12-24,1717,4.04,12.55,1.98
2021-12-27,1717,4.03,12.58,1.99
2021-12-28,1717,4.02,12.62,1.99
2021-12-29,1717,3.7,13.7,2.16
2021-12-30,1717,3.7,13.68,2.16
2022-01-03,1717,3.72,13.61,2.15
2022-01-04,1717,3.7,13.7,2.16
2022-01-05,1717,3.72,13.61,2.15
2022-01-06,1717,3.74,13.56,2.14
2022-01-07,1717,3.8,13.33,2.1
2022-01-10,1717,3.81,13.29,2.1
2022-01-11,1717,3.87,13.11,2.07
2022-01-12,1717,3.78,13.41,2.12
2022-01-13,1717,3.85,13.18,2.08
2022-01-14,1717,3.92,12.94,2.04
2022-01-17,1717,3.93,12.91,2.04
2022-01-18,1717,3.96,12.8,2.02
2022-01-19,1717,3.98,12.74,2.01
2022-01-20,1717,3.94,12.87,2.03
2022-01-21,1717,4.02,12.62,1.99
2022-01-24,1717,4.07,12.45,1.96
2022-01-25,1717,4.12,12.3,1.94
2022-01-26,1717,4.12,12.31,1.94
2022-02-07,1717,4.02,12.62,1.99
2022-02-08,1717,4.05,12.52,1.97
2022-02-09,1717,4.04,12.53,1.98
2022-02-10,1717,4.0,12.67,2.0
2022-02-11,1717,4.05,12.52,1.97
2022-02-14,1717,4.08,12.43,1.96
2022-02-15,1717,4.08,12.43,1.96
2022-02-16,1717,4.03,12.57,1.98
2022-02-17,1717,4.02,12.6,1.99
2022-02-18,1717,4.02,12.6,1.99
2022-02-21,1717,4.0,12.67,2.0
2022-02-22,1717,4.08,12.43,1.96
2022-02-23,1717,4.05,12.5,1.97
2022-02-24,1717,4.14,12.25,1.93
2022-02-25,1717,4.16,12.2,1.92
2022-03-01,1717,4.07,12.47,1.97
2022-03-02,1717,4.05,12.5,1.97
2022-03-03,1717,4.02,12.6,1.99
2022-03-04,1717,4.07,12.47,1.97
2022-03-07,1717,4.18,12.13,1.91
2022-03-08,1717,4.21,12.03,1.9
2022-03-09,1717,4.2,12.06,1.9
2022-03-10,1717,4.08,12.42,1.96
2022-03-11,1717,4.13,12.69,1.86
2022-03-14,1717,4.16,12.6,1.84
2022-03-15,1717,4.21,12.45,1.82
2022-03-16,1717,4.23,12.4,1.81
2022-03-17,1717,4.16,12.6,1.84
2022-03-18,1717,4.13,12.69,1.86
2022-03-21,1717,4.12,12.73,1.86
2022-03-22,1717,4.08,12.85,1.88
2022-03-23,1717,4.08,12.85,1.88
2022-03-24,1717,4.06,12.92,1.89
2022-03-25,1717,4.07,12.88,1.89
2022-03-28,1717,4.1,12.8,1.87
2022-03-29,1717,4.1,12.8,1.87
2022-03-30,1717,4.1,12.8,1.87
2022-03-31,1717,4.13,12.71,1.86
2022-04-01,1717,4.1,12.78,1.87
2022-04-06,1717,4.04,12.97,1.9
2022-04-07,1717,4.16,12.6,1.84
2022-04-08,1717,4.08,12.85,1.88
2022-04-11,1717,3.99,13.13,1.92
2022-04-12,1717,4.02,13.04,1.91
2022-04-13,1717,4.04,12.97,1.9
2022-04-14,1717,3.81,13.78,2.02
2022-04-15,1717,4.0,13.11,1.92
2022-04-18,1717,4.05,12.95,1.9
2022-04-19,1717,4.04,12.97,1.9
2022-04-20,1717,4.05,12.94,1.89
2022-04-21,1717,4.08,12.87,1.88
2022-04-22,1717,3.71,14.14,2.07
2022-04-25,1717,3.81,13.78,2.02
2022-04-26,1717,4.01,13.09,1.92
2022-04-27,1717,3.96,13.25,1.94
2022-04-28,1717,3.97,13.22,1.93
2022-04-29,1717,3.95,13.29,1.94
2022-05-03,1717,3.92,13.39,1.96
2022-05-04,1717,4.01,13.09,1.92
2022-05-05,1717,4.04,12.99,1.9
2022-05-06,1717,4.05,12.94,1.89
2022-05-09,1717,4.18,12.53,1.83
2022-05-10,1717,4.26,12.31,1.8
2022-05-11,1717,4.31,12.17,1.78
2022-05-12,1717,4.5,11.64,1.7
2022-05-13,1717,4.44,11.62,1.6
2022-05-16,1717,4.39,11.75,1.62
2022-05-17,1717,4.35,11.86,1.63
2022-05-18,1717,4.31,11.96,1.65
2022-05-19,1717,4.35,11.86,1.63
2022-05-20,1717,4.32,11.94,1.65
2022-05-23,1717,4.3,11.98,1.65
2022-05-24,1717,4.36,11.82,1.63
2022-05-25,1717,4.32,11.94,1.65
2022-05-26,1717,4.3,11.99,1.65
2022-05-27,1717,4.29,12.03,1.66
2022-05-30,1717,4.25,12.13,1.67
2022-05-31,1717,4.25,12.13,1.67
2022-06-01,1717,4.26,12.1,1.67
2022-06-02,1717,4.25,12.13,1.67
2022-06-06,1717,4.24,12.16,1.68
2022-06-07,1717,4.23,12.18,1.68
2022-06-08,1717,4.22,12.22,1.68
2022-06-09,1717,4.2,12.27,1.69
2022-06-10,1717,4.25,12.13,1.67
2022-06-13,1717,4.37,11.8,1.63
2022-06-14,1717,4.41,11.7,1.61
2022-06-15,1717,4.38,11.77,1.62
2022-06-16,1717,4.46,11.56,1.59
2022-06-17,1717,4.53,11.37,1.57
2022-06-20,1717,4.62,11.17,1.54
2022-06-21,1717,4.62,11.17,1.54
2022-06-22,1717,4.75,10.86,1.5
2022-06-23,1717,4.69,11.0,1.52
2022-06-24,1717,4.59,11.24,1.55
2022-06-27,1717,4.49,11.48,1.58
2022-06-28,1717,4.47,11.53,1.59
2022-06-29,1717,4.53,11.37,1.57
2022-06-30,1717,4.64,11.12,1.53
2022-07-01,1717,4.67,11.05,1.52
2022-07-04,1717,4.65,11.08,1.53
2022-07-05,1717,4.55,11.32,1.56
2022-07-06,1717,4.62,11.17,1.54
2022-07-07,1717,4.57,11.29,1.56
2022-07-08,1717,4.59,11.24,1.55
2022-07-11,1717,4.67,11.05,1.52
2022-07-12,1717,4.79,10.76,1.48
2022-07-13,1717,4.72,10.93,1.51
2022-07-14,1717,4.63,11.13,1.53
2022-07-15,1717,4.6,11.2,1.54
2022-07-18,1717,4.52,11.41,1.57
2022-07-19,1717,4.47,11.53,1.59
2022-07-20,1717,4.46,11.56,1.59
2022-07-21,1717,4.46,11.56,1.59
2022-07-22,1717,4.41,11.68,1.61
2022-07-25,1717,4.44,11.62,1.6
2022-07-26,1717,4.5,11.46,1.58
2022-07-27,1717,4.5,11.44,1.58
2022-07-28,1717,4.64,11.1,1.53
2022-07-29,1717,4.67,11.03,1.52
2022-08-01,1717,4.67,11.05,1.52
2022-08-02,1717,4.72,10.93,1.51
2022-08-03,1717,4.75,11.39,1.59
2022-08-04,1717,4.82,11.23,1.57
2022-08-05,1717,4.77,11.35,1.59
2022-08-08,1717,4.75,11.39,1.59
2022-08-09,1717,4.72,11.48,1.61
2022-08-10,1717,4.66,11.62,1.63
2022-08-11,1717,4.64,11.66,1.63
2022-08-12,1717,4.57,11.84,1.66
2022-08-15,1717,4.57,11.86,1.66
2022-08-16,1717,4.57,11.84,1.66
2022-08-17,1717,4.55,11.91,1.67
2022-08-18,1717,4.58,11.82,1.65
2022-08-19,1717,4.57,11.84,1.66
2022-08-22,1717,4.52,11.97,1.68
2022-08-23,1717,4.55,11.9,1.66
2022-08-24,1717,4.58,11.82,1.65
2022-08-25,1717,4.53,11.95,1.67
2022-08-26,1717,4.5,12.02,1.68
2022-08-29,1717,4.57,11.86,1.66
2022-08-30,1717,4.53,11.95,1.67
2022-08-31,1717,4.42,12.24,1.71
2022-09-01,1717,4.51,12.0,1.68
2022-09-02,1717,4.56,11.88,1.66
2022-09-05,1717,4.58,11.82,1.65
2022-09-06,1717,4.64,11.68,1.63
2022-09-07,1717,4.75,11.41,1.6
2022-09-08,1717,4.67,11.61,1.62
2022-09-12,1717,4.41,12.29,1.72
2022-09-13,1717,4.34,12.47,1.75
2022-09-14,1717,4.36,12.42,1.74
2022-09-15,1717,4.39,12.33,1.73
2022-09-16,1717,4.5,12.02,1.68
2022-09-19,1717,4.51,12.0,1.68
2022-09-20,1717,4.43,12.22,1.71
2022-09-21,1717,4.52,11.99,1.68
2022-09-22,1717,4.53,11.95,1.67
2022-09-23,1717,4.66,11.62,1.63
2022-09-26,1717,4.75,11.41,1.6
2022-09-27,1717,4.78,11.34,1.59
2022-09-28,1717,4.95,10.94,1.53
2022-10-11,1717,5.0,10.83,1.52
2022-10-12,1717,4.81,11.26,1.58
2022-10-13,1717,5.02,10.79,1.51
2022-10-14,1717,5.03,10.78,1.51
2022-10-17,1717,5.03,10.78,1.51
2022-10-18,1717,4.86,11.14,1.56
2022-10-19,1717,4.91,11.03,1.54
2022-10-20,1717,4.83,11.21,1.57
2022-10-21,1717,5.03,10.78,1.51
2022-10-24,1717,4.97,10.9,1.53
2022-10-25,1717,5.0,10.83,1.52
2022-10-26,1717,4.92,11.01,1.54
2022-10-27,1717,4.86,11.14,1.56
2022-10-28,1717,5.02,10.79,1.51
2022-10-31,1717,5.02,10.79,1.51
2022-11-01,1717,4.98,10.87,1.52
2022-11-02,1717,4.96,10.92,1.53
2022-11-03,1717,5.0,10.83,1.52
2022-11-04,1717,4.94,10.96,1.53
2022-11-07,1717,4.89,11.08,1.55
2022-11-08,1717,4.91,11.03,1.54
2022-11-09,1717,4.85,11.16,1.56
2022-11-10,1717,4.89,11.08,1.55
2022-11-11,1717,4.76,12.65,1.51
2022-11-14,1717,4.78,12.59,1.5
2022-11-15,1717,4.78,12.59,1.5
2022-11-16,1717,4.76,12.65,1.51
2022-11-17,1717,4.74,12.71,1.51
2022-11-18,1717,4.74,12.71,1.51
2022-11-21,1717,4.7,12.81,1.53
2022-11-22,1717,4.69,12.83,1.53
2022-11-23,1717,4.68,12.87,1.53
2022-11-24,1717,4.59,13.11,1.56
2022-11-25,1717,4.61,13.07,1.56
2022-11-28,1717,4.61,13.07,1.56
2022-11-29,1717,4.56,13.21,1.57
2022-11-30,1717,4.51,13.35,1.59
2022-12-01,1717,4.46,13.49,1.61
2022-12-02,1717,4.53,13.29,1.58
2022-12-05,1717,4.69,12.85,1.53
2022-12-06,1717,4.78,12.61,1.5
2022-12-07,1717,4.81,12.53,1.49
2022-12-08,1717,4.76,12.65,1.51
2022-12-09,1717,4.75,12.67,1.51
2022-12-12,1717,4.72,12.75,1.52
2022-12-13,1717,4.75,12.67,1.51
2022-12-14,1717,4.74,12.71,1.51
2022-12-15,1717,4.73,12.73,1.52
2022-12-16,1717,4.83,12.47,1.49
2022-12-19,1717,4.71,12.79,1.52
2022-12-20,1717,4.82,12.49,1.49
2022-12-21,1717,4.79,12.57,1.5
2022-12-22,1717,4.7,12.81,1.53
2022-12-23,1717,4.76,12.65,1.51
2022-12-26,1717,4.76,12.65,1.51
2022-12-27,1717,4.72,12.75,1.52
2022-12-28,1717,4.78,12.61,1.5
2022-12-29,1717,4.82,12.49,1.49
2022-12-30,1717,4.8,12.55,1.5
2023-01-03,1717,4.81,12.53,1.49
2023-01-04,1717,4.76,12.65,1.51
2023-01-05,1717,4.75,12.67,1.51
2023-01-06,1717,4.75,12.69,1.51
2023-01-09,1717,4.67,12.91,1.54
2023-01-10,1717,4.7,12.81,1.53
2023-01-11,1717,4.69,12.85,1.53
2023-01-12,1717,4.67,12.91,1.54
2023-01-13,1717,4.69,12.85,1.53
2023-01-16,1717,4.67,12.89,1.54
2023-01-17,1717,4.69,12.85,1.53
2023-01-30,1717,4.62,13.03,1.55
2023-01-31,1717,4.62,13.03,1.55
2023-02-01,1717,4.62,13.05,1.56
2023-02-02,1717,4.55,13.23,1.58
2023-02-03,1717,4.54,13.27,1.58
2023-02-06,1717,4.58,13.15,1.57
2023-02-07,1717,4.55,13.23,1.58
2023-02-08,1717,4.55,13.23,1.58
2023-02-09,1717,4.57,13.17,1.57
2023-02-10,1717,4.62,13.05,1.56
2023-02-13,1717,4.67,12.89,1.54
2023-02-14,1717,4.67,12.91,1.54
2023-02-15,1717,4.7,12.81,1.53
2023-02-16,1717,4.67,12.91,1.54
2023-02-17,1717,4.66,12.93,1.54
2023-02-20,1717,4.64,12.99,1.55
2023-02-21,1717,4.62,13.03,1.55
2023-02-22,1717,4.65,12.95,1.54
2023-02-23,1717,4.63,13.01,1.55
2023-02-24,1717,4.64,12.97,1.55
2023-03-01,1717,4.68,12.87,1.53
2023-03-02,1717,4.67,12.91,1.54
2023-03-03,1717,4.63,13.01,1.55
2023-03-06,1717,4.59,13.11,1.56
2023-03-07,1717,4.56,13.21,1.57
2023-03-08,1717,4.61,13.07,1.56
2023-03-09,1717,4.62,13.05,1.56
2023-03-10,1717,4.69,14.41,1.52
2023-03-13,1717,3.77,14.35,1.52
2023-03-14,1717,3.8,14.23,1.5
2023-03-15,1717,3.8,14.23,1.5
2023-03-16,1717,3.83,14.12,1.49
2023-03-17,1717,3.8,14.23,1.5
2023-03-20,1717,3.79,14.26,1.51
2023-03-21,1717,3.76,14.37,1.52
2023-03-22,1717,3.75,14.41,1.52
2023-03-23,1717,3.73,14.5,1.53
2023-03-24,1717,3.73,14.48,1.53
2023-03-27,1717,3.71,14.57,1.54
2023-03-28,1717,3.7,14.62,1.54
2023-03-29,1717,3.84,14.08,1.49
2023-03-30,1717,3.85,14.05,1.49
2023-03-31,1717,3.83,14.12,1.49
2023-04-06,1717,3.82,14.14,1.49
2023-04-07,1717,3.77,14.35,1.52
2023-04-10,1717,3.73,14.5,1.53
2023-04-11,1717,3.7,14.59,1.54
2023-04-12,1717,3.72,14.55,1.54
2023-04-13,1717,3.73,14.48,1.53
2023-04-14,1717,3.73,14.48,1.53
2023-04-17,1717,3.47,15.59,1.65
2023-04-18,1717,3.55,15.23,1.61
2023-04-19,1717,3.56,15.2,1.61
2023-04-20,1717,3.6,15.0,1.58
2023-04-21,1717,3.73,14.5,1.53
2023-04-24,1717,3.72,14.55,1.54
2023-04-25,1717,3.79,14.28,1.51
2023-04-26,1717,3.7,14.59,1.54
2023-04-27,1717,3.66,14.77,1.56
2023-04-28,1717,3.71,14.57,1.54
2023-05-02,1717,3.67,14.73,1.56
2023-05-03,1717,3.72,14.53,1.53
2023-05-04,1717,3.72,14.53,1.53
2023-05-05,1717,3.73,14.5,1.53
2023-05-08,1717,3.68,14.71,1.55
2023-05-09,1717,3.68,14.68,1.55
2023-05-10,1717,3.7,14.59,1.54
2023-05-11,1717,3.76,20.22,1.59
2023-05-12,1717,3.75,20.25,1.6
2023-05-15,1717,3.73,20.35,1.6
2023-05-16,1717,3.73,20.35,1.6
2023-05-17,1717,3.68,20.66,1.63
2023-05-18,1717,3.67,20.7,1.63
2023-05-19,1717,3.6,21.08,1.66
2023-05-22,1717,3.64,20.89,1.65
2023-05-23,1717,3.62,20.98,1.65
2023-05-24,1717,3.6,21.08,1.66
2023-05-25,1717,3.61,21.04,1.66
2023-05-26,1717,3.69,20.6,1.62
2023-05-29,1717,3.65,20.82,1.64
2023-05-30,1717,3.66,20.76,1.64
2023-05-31,1717,3.66,20.76,1.64
2023-06-01,1717,3.62,20.98,1.65
2023-06-02,1717,3.52,21.58,1.7
2023-06-05,1717,3.6,21.11,1.66
2023-06-06,1717,3.58,21.23,1.67
2023-06-07,1717,3.6,21.08,1.66
2023-06-08,1717,3.64,20.85,1.64
2023-06-09,1717,3.64,20.89,1.65
2023-06-12,1717,3.67,20.7,1.63
2023-06-13,1717,3.65,20.79,1.64
2023-06-14,1717,3.65,20.82,1.64
2023-06-15,1717,3.66,20.73,1.63
2023-06-16,1717,3.66,20.73,1.63
2023-06-19,1717,3.65,20.82,1.64
2023-06-20,1717,3.63,20.92,1.65
2023-06-21,1717,3.64,20.89,1.65
2023-06-26,1717,3.68,20.63,1.63
2023-06-27,1717,3.68,20.66,1.63
2023-06-28,1717,3.68,20.63,1.63
2023-06-29,1717,3.7,20.51,1.62
2023-06-30,1717,3.72,20.44,1.61
2023-07-03,1717,3.72,20.44,1.61
2023-07-04,1717,3.74,20.32,1.6
2023-07-05,1717,3.75,20.25,1.6
2023-07-06,1717,3.8,19.97,1.57
2023-07-07,1717,3.83,19.84,1.56
2023-07-10,1717,3.84,19.78,1.56
2023-07-11,1717,3.82,19.87,1.57
2023-07-12,1717,3.84,19.78,1.56
2023-07-13,1717,3.82,19.91,1.57
2023-07-14,1717,3.82,19.91,1.57
2023-07-17,1717,3.77,20.13,1.59
2023-07-18,1717,3.82,19.91,1.57
2023-07-19,1717,3.84,19.78,1.56
2023-07-20,1717,3.8,19.97,1.57
2023-07-21,1717,3.82,19.91,1.57
2023-07-24,1717,3.84,19.78,1.56
2023-07-25,1717,3.84,19.78,1.56
2023-07-26,1717,3.83,19.84,1.56
2023-07-27,1717,3.82,19.91,1.57
2023-07-28,1717,3.82,19.87,1.57
2023-07-31,1717,3.86,19.65,1.55
2023-08-01,1717,3.86,19.65,1.55
2023-08-02,1717,3.9,19.46,1.53
2023-08-04,1717,3.92,19.37,1.53
2023-08-07,1717,3.93,19.34,1.52
2023-08-08,1717,3.96,19.18,1.51
2023-08-09,1717,3.98,19.08,1.5
2023-08-10,1717,4.0,18.99,1.5
2023-08-11,1717,4.01,26.5,1.52
2023-08-14,1717,4.12,25.8,1.48
2023-08-15,1717,4.12,25.8,1.48
2023-08-16,1717,4.2,25.31,1.45
2023-08-17,1717,4.17,25.49,1.46
2023-08-18,1717,4.21,25.22,1.45
2023-08-21,1717,4.23,25.13,1.44
2023-08-22,1717,4.23,25.09,1.44
2023-08-23,1717,4.2,25.31,1.45
2023-08-24,1717,4.19,25.35,1.46
2023-08-25,1717,4.2,25.31,1.45
2023-08-28,1717,4.19,25.35,1.46
2023-08-29,1717,4.15,25.62,1.47
2023-08-30,1717,4.13,25.71,1.48
2023-08-31,1717,4.13,25.71,1.48
2023-09-01,1717,4.07,26.11,1.5
2023-09-04,1717,4.09,25.97,1.49
2023-09-05,1717,4.1,25.93,1.49
2023-09-06,1717,4.14,25.66,1.48
2023-09-07,1717,4.18,25.4,1.46
2023-09-08,1717,4.2,25.27,1.45
2023-09-11,1717,4.21,25.22,1.45
2023-09-12,1717,4.15,25.62,1.47
2023-09-13,1717,4.12,25.75,1.48
2023-09-14,1717,4.09,25.97,1.49
2023-09-15,1717,4.16,25.53,1.47
2023-09-18,1717,4.15,25.62,1.47
2023-09-19,1717,4.2,25.27,1.45
2023-09-20,1717,4.2,25.27,1.45
2023-09-21,1717,4.26,24.96,1.43
2023-09-22,1717,4.29,24.78,1.42
2023-09-25,1717,4.2,25.27,1.45
2023-09-26,1717,4.24,25.04,1.44
2023-09-27,1717,4.25,25.0,1.44
2023-09-28,1717,4.23,25.09,1.44
2023-10-02,1717,4.23,25.09,1.44
2023-10-03,1717,4.26,24.96,1.43
2023-10-04,1717,4.31,24.65,1.42
2023-10-05,1717,4.25,25.0,1.44
2023-10-06,1717,4.21,25.22,1.45
2023-10-11,1717,4.16,25.53,1.47
2023-10-12,1717,4.16,25.53,1.47
2023-10-13,1717,4.2,25.31,1.45
2023-10-16,1717,4.18,25.4,1.46
2023-10-17,1717,4.21,25.22,1.45
2023-10-18,1717,4.2,25.27,1.45
2023-10-19,1717,4.29,24.78,1.42
2023-10-20,1717,4.27,24.87,1.43
2023-10-23,1717,4.29,24.78,1.42
2023-10-24,1717,4.29,24.78,1.42
2023-10-25,1717,4.23,25.13,1.44
2023-10-26,1717,4.29,24.73,1.42
2023-10-27,1717,4.23,25.13,1.44
2023-10-30,1717,4.26,24.96,1.43
2023-10-31,1717,4.32,24.6,1.41
2023-11-01,1717,4.26,24.91,1.43
2023-11-02,1717,4.26,24.96,1.43
2023-11-03,1717,4.24,25.04,1.44
2023-11-06,1717,4.21,25.22,1.45
2023-11-07,1717,4.19,25.35,1.46
2023-11-08,1717,4.19,25.35,1.46
2023-11-09,1717,4.21,25.22,1.45
2023-11-10,1717,4.26,22.89,1.32
2023-11-13,1717,4.26,22.89,1.32
2023-11-14,1717,4.13,23.62,1.37
2023-11-15,1717,4.07,23.94,1.39
2023-11-16,1717,4.03,24.19,1.4
2023-11-17,1717,4.05,24.07,1.39
2023-11-20,1717,4.03,24.23,1.4
2023-11-21,1717,4.04,24.15,1.4
2023-11-22,1717,4.01,24.31,1.41
2023-11-23,1717,4.03,24.23,1.4
2023-11-24,1717,4.0,24.39,1.41
2023-11-27,1717,4.0,24.39,1.41
2023-11-28,1717,4.0,24.39,1.41
2023-11-29,1717,4.02,24.27,1.4
2023-11-30,1717,4.05,24.07,1.39
2023-12-01,1717,4.05,24.07,1.39
2023-12-04,1717,4.05,24.11,1.39
2023-12-05,1717,4.08,23.9,1.38
2023-12-06,1717,4.05,24.11,1.39
2023-12-07,1717,4.11,23.74,1.37
2023-12-08,1717,4.11,23.74,1.37
2023-12-11,1717,4.15,23.54,1.36
2023-12-12,1717,4.15,23.5,1.36
2023-12-13,1717,4.16,23.46,1.36
2023-12-14,1717,4.11,23.74,1.37
2023-12-15,1717,4.14,23.58,1.36
2023-12-18,1717,4.14,23.58,1.36
2023-12-19,1717,4.16,23.46,1.36
2023-12-20,1717,4.14,23.58,1.36
2023-12-21,1717,4.15,23.5,1.36
2023-12-22,1717,4.21,23.17,1.34
2023-12-25,1717,4.21,23.17,1.34
2023-12-26,1717,4.16,23.46,1.36
2023-12-27,1717,4.15,23.54,1.36
2023-12-28,1717,4.1,23.82,1.38
2023-12-29,1717,4.12,23.66,1.37
2024-01-02,1717,4.12,23.7,1.37
2024-01-03,1717,4.12,23.7,1.37
2024-01-04,1717,4.15,23.54,1.36
2024-01-05,1717,4.15,23.5,1.36
2024-01-08,1717,4.15,23.5,1.36
2024-01-09,1717,4.19,23.29,1.35
2024-01-10,1717,4.24,23.01,1.33
2024-01-11,1717,4.24,23.01,1.33
2024-01-12,1717,4.23,23.05,1.33
2024-01-15,1717,4.25,22.97,1.33
2024-01-16,1717,4.29,22.72,1.31
2024-01-17,1717,4.36,22.36,1.29
2024-01-18,1717,4.29,22.72,1.31
2024-01-19,1717,4.31,22.64,1.31
2024-01-22,1717,4.31,22.64,1.31
2024-01-23,1717,4.27,22.85,1.32
2024-01-24,1717,4.25,22.97,1.33
2024-01-25,1717,4.23,23.09,1.34
2024-01-26,1717,4.2,23.21,1.34
2024-01-29,1717,4.17,23.37,1.35
2024-01-30,1717,4.2,23.25,1.35
2024-01-31,1717,4.18,23.33,1.35
2024-02-01,1717,4.18,23.33,1.35
2024-02-02,1717,4.17,23.41,1.35
2024-02-05,1717,4.2,23.25,1.35
2024-02-15,1717,4.15,23.54,1.36
2024-02-16,1717,4.08,23.9,1.38
2024-02-19,1717,4.03,24.23,1.4
2024-02-20,1717,3.99,24.47,1.42
2024-02-21,1717,3.92,24.88,1.44
2024-02-22,1717,3.96,24.63,1.43
2024-02-23,1717,3.78,25.81,1.49
2024-02-26,1717,3.69,26.46,1.53
2024-02-27,1717,3.75,26.02,1.51
2024-02-29,1717,3.73,26.14,1.51
2024-03-01,1717,3.76,25.98,1.5
2024-03-04,1717,3.76,25.98,1.5
2024-03-05,1717,3.76,25.93,1.5
2024-03-06,1717,3.69,26.42,1.53
2024-03-07,1717,3.63,26.87,1.55
2024-03-08,1717,3.68,25.47,1.55
2024-03-11,1717,2.52,24.84,1.52
2024-03-12,1717,2.52,24.8,1.51
2024-03-13,1717,2.56,24.45,1.49
2024-03-14,1717,2.57,24.3,1.48
2024-03-15,1717,2.58,24.22,1.48
2024-03-18,1717,2.58,24.22,1.48
2024-03-19,1717,2.58,24.22,1.48
2024-03-20,1717,2.6,24.02,1.46
2024-03-21,1717,2.56,24.38,1.49
2024-03-22,1717,2.58,24.26,1.48
2024-03-25,1717,2.52,24.8,1.51
2024-03-26,1717,2.58,24.22,1.48
2024-03-27,1717,2.53,24.69,1.51
2024-03-28,1717,2.56,24.45,1.49
2024-03-29,1717,2.55,24.49,1.49
2024-04-01,1717,2.51,24.88,1.52
2024-04-02,1717,2.45,25.55,1.56
2024-04-03,1717,2.49,25.08,1.53
2024-04-08,1717,2.51,24.92,1.52
2024-04-09,1717,2.45,25.47,1.55
2024-04-10,1717,2.44,25.59,1.56
2024-04-11,1717,2.48,25.16,1.53
2024-04-12,1717,2.49,25.08,1.53
2024-04-15,1717,2.48,25.2,1.54
2024-04-16,1717,2.57,24.34,1.48
2024-04-17,1717,2.56,24.45,1.49
2024-04-18,1717,2.57,24.34,1.48
2024-04-19,1717,2.62,23.83,1.45
2024-04-22,1717,2.58,24.22,1.48
2024-04-23,1717,2.55,24.49,1.49
2024-04-24,1717,2.56,24.41,1.49
2024-04-25,1717,2.62,23.87,1.46
2024-04-26,1717,2.62,23.87,1.46
2024-04-29,1717,2.54,24.61,1.5
2024-04-30,1717,2.52,24.77,1.51
2024-05-02,1717,2.51,24.92,1.52
2024-05-03,1717,2.52,24.8,1.51
2024-05-06,1717,2.51,24.92,1.52
2024-05-07,1717,2.52,24.77,1.51
2024-05-08,1717,2.54,24.65,1.5
2024-05-09,1717,2.56,24.41,1.49
2024-05-10,1717,2.52,20.58,1.46
2024-05-13,1717,2.54,20.42,1.45
2024-05-14,1717,2.56,20.26,1.44
2024-05-15,1717,2.58,20.16,1.43
2024-05-16,1717,2.53,20.52,1.46
2024-05-17,1717,2.53,20.52,1.46
2024-05-20,1717,2.52,20.58,1.46
2024-05-21,1717,2.56,20.29,1.44
2024-05-22,1717,2.54,20.42,1.45
2024-05-23,1717,2.6,20.0,1.42
2024-05-24,1717,2.6,20.0,1.42
2024-05-27,1717,2.58,20.13,1.43
2024-05-28,1717,2.56,20.32,1.44
2024-05-29,1717,2.59,20.06,1.43
2024-05-30,1717,2.62,19.81,1.41
2024-05-31,1717,2.57,20.19,1.43
2024-06-03,1717,2.56,20.32,1.44
2024-06-04,1717,2.58,20.1,1.43
2024-06-05,1717,2.59,20.03,1.42
2024-06-06,1717,2.6,19.97,1.42
2024-06-07,1717,2.56,20.26,1.44
2024-06-11,1717,2.59,20.03,1.42
2024-06-12,1717,2.59,20.03,1.42
2024-06-13,1717,2.61,19.87,1.41
2024-06-14,1717,2.61,19.87,1.41
2024-06-17,1717,2.62,19.84,1.41
2024-06-18,1717,2.6,20.0,1.42
2024-06-19,1717,2.6,19.97,1.42
2024-06-20,1717,2.58,20.1,1.43
2024-06-21,1717,2.56,20.32,1.44
2024-06-24,1717,2.58,20.13,1.43
2024-06-25,1717,2.57,20.19,1.43
2024-06-26,1717,2.57,20.23,1.44
2024-06-27,1717,2.59,20.03,1.42
2024-06-28,1717,2.59,20.06,1.43
2024-07-01,1717,2.57,20.23,1.44
2024-07-02,1717,2.58,20.13,1.43
2024-07-03,1717,2.56,20.29,1.44
2024-07-04,1717,2.55,20.39,1.45
2024-07-05,1717,2.52,20.65,1.47
2024-07-08,1717,2.48,20.91,1.49
2024-07-09,1717,2.5,20.78,1.48
2024-07-10,1717,2.52,20.65,1.47
2024-07-11,1717,2.53,20.55,1.46
2024-07-12,1717,2.5,20.78,1.48
2024-07-15,1717,2.52,20.65,1.47
2024-07-16,1717,2.54,20.45,1.45
2024-07-17,1717,2.5,20.75,1.47
2024-07-18,1717,2.49,20.84,1.48
2024-07-19,1717,2.58,20.16,1.43
2024-07-22,1717,2.6,20.0,1.42
2024-07-23,1717,2.57,20.19,1.43
2024-07-26,1717,2.62,19.84,1.41
2024-07-29,1717,2.66,19.55,1.39
2024-07-30,1717,2.64,19.68,1.4
2024-07-31,1717,2.61,19.94,1.42
2024-08-01,1717,2.6,20.0,1.42
2024-08-02,1717,2.66,19.55,1.39
2024-08-05,1717,2.87,18.12,1.29
2024-08-06,1717,2.81,18.51,1.31
2024-08-07,1717,2.75,18.86,1.34
2024-08-08,1717,2.8,18.57,1.32
2024-08-09,1717,2.75,18.04,1.3
2024-08-12,1717,2.74,18.14,1.3
2024-08-13,1717,2.75,18.04,1.3
2024-08-14,1717,2.71,18.32,1.32
2024-08-15,1717,2.74,18.11,1.3
2024-08-16,1717,2.74,18.17,1.3
2024-08-19,1717,2.74,18.17,1.3
2024-08-20,1717,2.74,18.17,1.3
2024-08-21,1717,2.71,18.32,1.32
2024-08-22,1717,2.61,19.07,1.37
2024-08-23,1717,2.62,18.94,1.36
2024-08-26,1717,2.61,19.07,1.37
2024-08-27,1717,2.58,19.22,1.38
2024-08-28,1717,2.59,19.19,1.38
2024-08-29,1717,2.57,19.35,1.39
2024-08-30,1717,2.54,19.57,1.4
2024-09-02,1717,2.57,19.35,1.39
2024-09-03,1717,2.61,19.01,1.36
2024-09-04,1717,2.73,18.23,1.31
2024-09-05,1717,2.72,18.29,1.31
2024-09-06,1717,2.7,18.39,1.32
2024-09-09,1717,2.72,18.29,1.31
2024-09-10,1717,2.76,17.98,1.29
2024-09-11,1717,2.74,18.17,1.3
2024-09-12,1717,2.65,18.76,1.35
2024-09-13,1717,2.64,18.79,1.35
2024-09-16,1717,2.57,19.35,1.39
2024-09-18,1717,2.52,19.72,1.42
2024-09-19,1717,2.49,19.97,1.43
2024-09-20,1717,2.42,20.53,1.47
2024-09-23,1717,2.44,20.4,1.47
2024-09-24,1717,2.43,20.47,1.47
2024-09-25,1717,2.43,20.47,1.47
2024-09-26,1717,2.43,20.47,1.47
2024-09-27,1717,2.29,21.74,1.56
2024-09-30,1717,2.34,21.21,1.52
2024-10-01,1717,2.36,21.06,1.51
2024-10-04,1717,2.39,20.81,1.49
2024-10-07,1717,2.4,20.71,1.49
2024-10-08,1717,2.46,20.22,1.45
2024-10-09,1717,2.51,19.78,1.42
2024-10-11,1717,2.45,20.28,1.46
2024-10-14,1717,2.43,20.47,1.47
2024-10-15,1717,2.47,20.12,1.45
2024-10-16,1717,2.49,19.97,1.43
2024-10-17,1717,2.48,20.0,1.44
2024-10-18,1717,2.49,19.97,1.43
2024-10-21,1717,2.48,20.0,1.44
2024-10-22,1717,2.47,20.12,1.45
2024-10-23,1717,2.47,20.12,1.45
2024-10-24,1717,2.51,19.81,1.42
2024-10-25,1717,2.5,19.88,1.43
2024-10-28,1717,2.53,19.63,1.41
2024-10-29,1717,2.56,19.41,1.39
2024-10-30,1717,2.56,19.44,1.4
2024-11-01,1717,2.54,19.57,1.4
2024-11-04,1717,2.57,19.35,1.39
2024-11-05,1717,2.57,19.32,1.39
2024-11-06,1717,2.59,19.19,1.38
2024-11-07,1717,2.55,19.47,1.4
2024-11-08,1717,2.59,20.7,1.33
2024-11-11,1717,2.63,20.44,1.31
2024-11-12,1717,2.67,20.1,1.29
2024-11-13,1717,2.73,19.66,1.26
2024-11-14,1717,2.75,19.5,1.25
2024-11-15,1717,2.74,19.63,1.26
2024-11-18,1717,2.73,19.7,1.27
2024-11-19,1717,2.7,19.87,1.28
2024-11-20,1717,2.73,19.7,1.27
2024-11-21,1717,2.7,19.9,1.28
2024-11-22,1717,2.69,19.93,1.28
2024-11-25,1717,2.63,20.44,1.31
2024-11-26,1717,2.63,20.4,1.31
2024-11-27,1717,2.68,20.07,1.29
2024-11-28,1717,2.72,19.77,1.27
2024-11-29,1717,2.68,20.0,1.29
2024-12-02,1717,2.71,19.8,1.27
2024-12-03,1717,2.69,19.97,1.28
2024-12-04,1717,2.7,19.87,1.28
2024-12-05,1717,2.71,19.83,1.27
2024-12-06,1717,2.71,19.8,1.27
2024-12-09,1717,2.73,19.7,1.27
2024-12-10,1717,2.73,19.66,1.26
2024-12-11,1717,2.76,19.43,1.25
2024-12-12,1717,2.79,19.26,1.24
2024-12-13,1717,2.82,19.06,1.23
2024-12-16,1717,2.86,18.79,1.21
2024-12-17,1717,2.87,18.69,1.2
2024-12-18,1717,2.85,18.86,1.21
2024-12-19,1717,2.88,18.62,1.2
2024-12-20,1717,2.91,18.46,1.19
2024-12-23,1717,2.85,18.83,1.21
2024-12-24,1717,2.82,19.03,1.22
2024-12-25,1717,2.82,19.03,1.22
2024-12-26,1717,2.82,19.03,1.22
2024-12-27,1717,2.83,18.99,1.22
2024-12-30,1717,2.85,18.83,1.21
2024-12-31,1717,2.88,18.66,1.2
2025-01-02,1717,2.89,18.59,1.19
2025-01-03,1717,2.9,18.49,1.19
2025-01-06,1717,2.82,19.03,1.22
2025-01-07,1717,2.88,18.62,1.2
2025-01-08,1717,2.87,18.69,1.2
2025-01-09,1717,2.92,18.39,1.18
2025-01-10,1717,2.94,18.26,1.17
2025-01-13,1717,2.93,18.32,1.18
2025-01-14,1717,2.93,18.32,1.18
2025-01-15,1717,2.91,18.46,1.19
2025-01-16,1717,2.88,18.66,1.2
2025-01-17,1717,2.87,18.69,1.2
2025-01-20,1717,2.86,18.79,1.21
2025-01-21,1717,2.84,18.89,1.21
2025-01-22,1717,2.82,19.03,1.22
2025-02-03,1717,2.82,19.06,1.23
2025-02-04,1717,2.85,18.83,1.21
2025-02-05,1717,2.84,18.89,1.21
2025-02-06,1717,2.8,19.16,1.23
2025-02-07,1717,2.82,19.03,1.22
2025-02-10,1717,2.79,19.23,1.24
2025-02-11,1717,2.81,19.13,1.23
2025-02-12,1717,2.8,19.16,1.23
2025-02-13,1717,2.75,19.53,1.26
2025-02-14,1717,2.77,19.36,1.24
2025-02-17,1717,2.76,19.46,1.25
2025-02-18,1717,2.76,19.43,1.25
2025-02-19,1717,2.77,19.4,1.25
2025-02-20,1717,2.78,19.33,1.24
2025-02-21,1717,2.74,19.56,1.26
2025-02-24,1717,2.75,19.53,1.26
2025-02-25,1717,2.77,19.4,1.25
2025-02-26,1717,2.76,19.43,1.25
2025-02-27,1717,2.77,19.4,1.25
2025-02-28,1717,2.76,19.43,1.25
2025-03-03,1717,2.8,19.19,1.23
2025-03-04,1717,2.81,19.13,1.23
2025-03-05,1717,2.75,19.53,1.26
2025-03-06,1717,2.76,19.43,1.25
2025-03-07,1717,2.77,19.4,1.25
2025-03-10,1717,2.76,19.46,1.25
2025-03-11,1717,2.77,19.4,1.25
2025-03-12,1717,2.78,19.3,1.24
2025-03-13,1717,2.81,19.09,1.23
2025-03-14,1717,2.78,18.46,1.2
2025-03-17,1717,2.74,18.75,1.22
2025-03-18,1717,2.72,18.88,1.23
2025-03-19,1717,4.03,19.07,1.24
2025-03-20,1717,4.02,19.13,1.24
2025-03-21,1717,4.05,18.97,1.23
2025-03-24,1717,4.07,18.88,1.23
2025-03-25,1717,4.11,18.72,1.22
2025-03-26,1717,4.09,18.81,1.22
2025-03-27,1717,4.12,18.69,1.21
2025-03-28,1717,4.2,18.3,1.19
2025-03-31,1717,4.32,17.82,1.16
2025-04-01,1717,4.23,18.21,1.18
2025-04-02,1717,4.21,18.27,1.19
2025-04-07,1717,4.68,16.44,1.07
2025-04-08,1717,4.78,16.09,1.04
2025-04-09,1717,5.04,15.26,0.99
2025-04-10,1717,4.59,16.76,1.09
2025-04-11,1717,4.6,16.73,1.09
2025-04-14,1717,4.57,16.83,1.09
2025-04-15,1717,4.41,17.44,1.13
2025-04-16,1717,4.49,17.12,1.11
2025-04-17,1717,4.54,16.96,1.1
2025-04-18,1717,4.55,16.92,1.1
2025-04-21,1717,4.59,16.76,1.09
2025-04-22,1717,4.64,16.57,1.08
2025-04-23,1717,4.51,17.05,1.11
2025-04-24,1717,4.72,16.31,1.06
2025-04-25,1717,4.71,16.35,1.06
2025-04-28,1717,4.72,16.31,1.06
2025-04-29,1717,4.66,16.51,1.07
2025-04-30,1717,4.71,16.35,1.06
2025-05-02,1717,4.62,16.67,1.08
2025-05-05,1717,4.56,16.86,1.09
2025-05-06,1717,4.55,16.89,1.1
2025-05-07,1717,4.55,16.92,1.1
2025-05-08,1717,4.59,16.76,1.09
2025-05-09,1717,4.53,17.91,1.13
2025-05-12,1717,4.5,18.01,1.14
2025-05-13,1717,4.49,18.07,1.14
2025-05-14,1717,4.51,17.97,1.13
2025-05-15,1717,4.6,17.64,1.11
2025-05-16,1717,4.55,17.84,1.12
2025-05-19,1717,4.62,17.57,1.11
2025-05-20,1717,4.58,17.7,1.12
2025-05-21,1717,4.55,17.8,1.12
2025-05-22,1717,4.58,17.7,1.12
2025-05-23,1717,4.62,17.53,1.11
2025-05-26,1717,4.5,18.01,1.14
2025-05-27,1717,4.46,18.18,1.15
2025-05-28,1717,4.63,17.5,1.1
2025-05-29,1717,4.62,17.53,1.11
2025-06-02,1717,4.73,17.13,1.08
2025-06-03,1717,4.72,17.2,1.08
2025-06-04,1717,4.67,17.36,1.1
2025-06-05,1717,4.69,17.3,1.09
2025-06-06,1717,4.71,17.23,1.09
2025-06-09,1717,4.71,17.23,1.09
2025-06-10,1717,4.7,17.26,1.09
2025-06-11,1717,4.7,17.26,1.09
2025-06-12,1717,4.71,17.23,1.09
2025-06-13,1717,4.72,17.16,1.08
2025-06-16,1717,4.66,17.4,1.1
2025-06-17,1717,4.73,17.13,1.08
2025-06-18,1717,4.72,17.16,1.08
2025-06-19,1717,4.8,16.89,1.07
2025-06-20,1717,4.94,16.42,1.04
2025-06-23,1717,5.0,16.22,1.02
2025-06-24,1717,4.92,16.49,1.04
2025-06-25,1717,4.96,16.35,1.03
2025-06-26,1717,4.95,16.39,1.03
2025-06-27,1717,4.9,16.55,1.04
2025-06-30,1717,5.0,16.22,1.02
2025-07-01,1717,4.93,16.45,1.04
2025-07-02,1717,4.97,16.32,1.03
2025-07-03,1717,4.93,16.45,1.04
2025-07-04,1717,4.91,16.52,1.04
2025-07-07,1717,4.94,16.42,1.04
2025-07-08,1717,5.0,16.22,1.02
2025-07-09,1717,5.02,16.15,1.02
2025-07-10,1717,5.01,16.18,1.02
2025-07-11,1717,4.97,16.32,1.03
2025-07-14,1717,4.95,16.39,1.03
2025-07-15,1717,4.94,16.42,1.04
2025-07-16,1717,4.89,16.59,1.05
2025-07-17,1717,4.76,17.03,1.07
2025-07-18,1717,4.68,17.33,1.09
2025-07-21,1717,4.65,17.43,1.1
2025-07-22,1717,4.64,17.47,1.1
2025-07-23,1717,4.49,18.07,1.14
2025-07-24,1717,4.45,18.21,1.15
2025-07-25,1717,4.49,18.07,1.14
2025-07-28,1717,4.37,18.55,1.17
2025-07-29,1717,4.39,18.48,1.17
2025-07-30,1717,4.33,18.72,1.18
2025-07-31,1717,4.32,18.78,1.18
2025-08-01,1717,4.35,18.65,1.18
2025-08-04,1717,4.33,18.72,1.18
2025-08-05,1717,4.25,19.09,1.2
2025-08-06,1717,4.25,19.09,1.2
2025-08-07,1717,4.28,18.95,1.2
2025-08-08,1717,4.26,20.14,1.36
2025-08-11,1717,4.05,21.18,1.43
2025-08-12,1717,4.14,20.71,1.4
2025-08-13,1717,3.76,22.79,1.54
2025-08-14,1717,3.42,25.04,1.7
2025-08-15,1717,3.11,27.54,1.87
2025-08-18,1717,2.83,30.29,2.05
2025-08-19,1717,2.84,30.21,2.05
2025-08-20,1717,2.94,29.14,1.97
2025-08-21,1717,2.86,29.96,2.03
2025-08-22,1717,3.0,28.61,1.94
2025-08-25,1717,2.89,29.64,2.01
2025-08-26,1717,2.8,30.57,2.07
2025-08-27,1717,2.81,30.5,2.07
2025-08-28,1717,2.77,30.89,2.09
2025-08-29,1717,2.74,31.29,2.12
2025-09-01,1717,2.61,32.86,2.23
2025-09-02,1717,2.61,32.86,2.23
2025-09-03,1717,2.71,31.57,2.14
2025-09-04,1717,2.94,29.18,1.98
2025-09-05,1717,2.75,31.18,2.11
2025-09-08,1717,2.68,32.0,2.17
2025-09-09,1717,2.63,32.61,2.21
2025-09-10,1717,2.63,32.64,2.21
2025-09-11,1717,2.85,30.11,2.04
2025-09-12,1717,2.86,29.96,2.03
2025-09-15,1717,2.89,29.64,2.01
2025-09-16,1717,2.86,29.93,2.03
2025-09-17,1717,2.84,30.21,2.05
2025-09-18,1717,2.91,29.46,2.0
2025-09-19,1717,2.93,29.21,1.98
2025-09-22,1717,2.88,29.79,2.02
2025-09-23,1717,2.95,29.07,1.97
2025-09-24,1717,2.96,28.96,1.96
2025-09-25,1717,2.93,29.21,1.98
2025-09-26,1717,3.01,28.5,1.93
2025-09-30,1717,2.95,29.04,1.97
2025-10-01,1717,2.93,29.29,1.98
2025-10-02,1717,2.96,28.96,1.96
2025-10-03,1717,2.88,29.75,2.01
2025-10-07,1717,2.87,29.89,2.02
2025-10-08,1717,2.93,29.25,1.98
2025-10-09,1717,2.86,29.93,2.03
2025-10-13,1717,2.91,29.5,2.0
2025-10-14,1717,3.0,28.54,1.93
2025-10-15,1717,3.08,27.82,1.88
2025-10-16,1717,3.05,28.07,1.9
2025-10-17,1717,3.07,27.89,1.89
2025-10-20,1717,3.11,27.54,1.87
2025-10-21,1717,3.11,27.54,1.87
2025-10-22,1717,3.1,27.61,1.87
2025-10-23,1717,3.17,27.04,1.83
2025-10-27,1717,3.02,28.39,1.92
2025-10-28,1717,2.8,30.57,2.07
2025-10-29,1717,2.82,30.36,2.06
2025-10-30,1717,2.96,28.96,1.96
2025-10-31,1717,2.94,29.18,1.98
2025-11-03,1717,2.97,28.89,1.96
2025-11-04,1717,3.01,28.46,1.93
2025-11-05,1717,3.06,28.04,1.9
2025-11-06,1717,2.99,28.71,1.94
2025-11-07,1717,3.08,27.79,1.88
2025-11-10,1717,3.07,27.96,1.89
2025-11-11,1717,3.04,28.21,1.91
2025-11-12,1717,3.01,28.46,1.93
2025-11-13,1717,2.99,26.56,1.79
2025-11-14,1717,3.08,25.79,1.74
2025-11-17,1717,3.04,26.13,1.76
2025-11-18,1717,3.05,26.09,1.76
2025-11-19,1717,3.07,25.89,1.74
2025-11-20,1717,2.99,26.56,1.79
2025-11-21,1717,3.14,25.3,1.7
2025-11-24,1717,3.08,25.83,1.74
2025-11-25,1717,3.09,25.7,1.73
2025-11-26,1717,3.08,25.83,1.74
2025-11-27,1717,3.03,26.19,1.76
2025-11-28,1717,2.98,26.66,1.8
2025-12-01,1717,3.07,25.89,1.74
2025-12-02,1717,3.01,26.39,1.78
2025-12-03,1717,3.01,26.39,1.78
2025-12-04,1717,3.05,26.06,1.76
2025-12-05,1717,3.01,26.42,1.78
2025-12-08,1717,3.0,26.49,1.78
2025-12-09,1717,2.96,26.82,1.81
2025-12-10,1717,2.99,26.62,1.79
2025-12-11,1717,2.92,27.25,1.84
2025-12-12,1717,2.99,26.59,1.79
2025-12-15,1717,3.0,26.46,1.78
2025-12-16,1717,3.09,25.73,1.73
2025-12-17,1717,3.14,25.33,1.71
2025-12-18,1717,3.14,25.33,1.71
2025-12-19,1717,3.0,26.52,1.79
2025-12-22,1717,2.91,27.28,1.84
2025-12-23,1717,2.86,27.78,1.87
2025-12-24,1717,2.96,26.85,1.81
2025-12-26,1717,2.99,26.62,1.79
2025-12-29,1717,2.93,27.15,1.83
2025-12-30,1717,2.93,27.15,1.83
2025-12-31,1717,2.93,27.09,1.82
